批次号 (溯源码)	产品名称	GS1-128标准码	隐形防伪码
B-FARMER-20260209-AJ41	浙江杭菊 精制片	(01)06912345678901(10)B-FARMER-20260209-AJ(3102)002730	cede2a0d42564522
B-FARMER-20260209-2M7D	浙江杭菊 (原始)	(01)06912345678901(10)B-FARMER-202-0gjuqip(3102)013650	90b09e812d9b4a2a
B-FARMER-20260209-2KXS	浙江杭菊 精制片	(01)06912345678901(10)B-FARMER-202-03t9o5l(3102)007330	dfa47d94dcb74ab4
B-FARMER-20260209-AZ89	浙江杭菊 (原始)	(01)06912345678901(10)B-FARMER-20260209-AZ(3102)036650	6ea3110fa75a4214
B-FARMER-20260209-9EJ2	云南三七 精制片	(01)06912345678901(10)B-FARMER-20260209-9E(3102)004200	365a8aa3aa894647
B-FARMER-20260209-TXKU	云南三七 (原始)	(01)06912345678901(10)B-FARMER-20260209-TX(3102)021000	ef9d542130f542e9
B-FARMER-20260209-T8SL	宁夏枸杞 精制片	(01)06912345678901(10)B-FARMER-202-016kn47(3102)004620	15ef9497325f4182
B-FARMER-20260209-H73F	宁夏枸杞 (原始)	(01)06912345678901(10)B-FARMER-20260209-H7(3102)023100	ec7c24c2c1e147ba
B-FARMER-20260209-Q59Z	甘肃黄芪 精制片	(01)06912345678901(10)B-FARMER-20260209-Q5(3102)007500	7c59027d847744b9
B-FARMER-20260209-JF6Q	甘肃黄芪 (原始)	(01)06912345678901(10)B-FARMER-20260209-JF(3102)037500	98b3185609b54b4a
B-FARMER-20260209-4SH1	安徽白芍 精制片	(01)06912345678901(10)B-FARMER-20260209-4S(3102)009510	d5e4bea90ddf4069
B-FARMER-20260209-MM4D	安徽白芍 (原始)	(01)06912345678901(10)B-FARMER-202-0b20s9b(3102)047550	c4cf6732235f4bb8
B-FARMER-20260209-QY0H	云南三七 精制片	(01)06912345678901(10)B-FARMER-202-08ukxy6(3102)004710	de0e9e59ebdc4136
B-FARMER-20260209-9JFO	云南三七 (原始)	(01)06912345678901(10)B-FARMER-20260209-9J(3102)023550	5d17d503f3174e0f
B-FARMER-20260209-FNH5	宁夏枸杞 精制片	(01)06912345678901(10)B-FARMER-202-0eruwbf(3102)002570	ff74c14fb0fd4a43
B-FARMER-20260209-51R1	宁夏枸杞 (原始)	(01)06912345678901(10)B-FARMER-20260209-51(3102)012850	a52ea21397c54d49
B-FARMER-20260209-WA57	宁夏枸杞 精制片	(01)06912345678901(10)B-FARMER-202-05wifb1(3102)009490	b6446840d2864e93
B-FARMER-20260209-ODJF	宁夏枸杞 (原始)	(01)06912345678901(10)B-FARMER-202-0frt20d(3102)047450	fae7d74395ff40a9
B-FARMER-20260209-KTW3	宁夏枸杞 精制片	(01)06912345678901(10)B-FARMER-20260209-KT(3102)007600	25e992fe687e4540
B-FARMER-20260209-1OEQ	宁夏枸杞 (原始)	(01)06912345678901(10)B-FARMER-20260209-1O(3102)038000	e6353c76cffa48cb
B-FARMER-20260209-0I7Y	宁夏枸杞 精制片	(01)06912345678901(10)B-FARMER-202-0cqcmo1(3102)003890	f786d030e46645d8
B-FARMER-20260209-XBV2	宁夏枸杞 (原始)	(01)06912345678901(10)B-FARMER-20260209-XB(3102)019450	89f3849583934724
B-FARMER-20260209-PCHI	四川当归 精制片	(01)06912345678901(10)B-FARMER-20260209-PC(3102)003540	ee64ced97c10449a
B-FARMER-20260209-VGX9	四川当归 (原始)	(01)06912345678901(10)B-FARMER-202-0dcybss(3102)017700	0d39889c21c44e00
B-FARMER-20260209-Q2RV	浙江杭菊 精制片	(01)06912345678901(10)B-FARMER-202-0gqbr3f(3102)005930	ba3029affbd447b8
B-FARMER-20260209-C0DA	浙江杭菊 (原始)	(01)06912345678901(10)B-FARMER-20260209-C0(3102)029650	c1daf9c0a8a84f1b
B-FARMER-20260209-E6DE	浙江杭菊 精制片	(01)06912345678901(10)B-FARMER-202-0gn1zte(3102)004250	e84a93cd3f0348ab
B-FARMER-20260209-6QW4	浙江杭菊 (原始)	(01)06912345678901(10)B-FARMER-20260209-6Q(3102)021250	a3fe41654e4140dd
B-FARMER-20260209-N5SA	广东陈皮 精制片	(01)06912345678901(10)B-FARMER-20260209-N5(3102)008650	1bd0a1435f0349cb
B-FARMER-20260209-BD4T	广东陈皮 (原始)	(01)06912345678901(10)B-FARMER-20260209-BD(3102)043250	d1b8167ea6034eef
B-FARMER-20260209-GOQX	甘肃黄芪 精制片	(01)06912345678901(10)B-FARMER-20260209-GO(3102)004200	103c54ad0b164c42
B-FARMER-20260209-66XM	甘肃黄芪 (原始)	(01)06912345678901(10)B-FARMER-202-0gbppi9(3102)021000	3346c6b202524728
B-FARMER-20260209-RM6X	宁夏枸杞 精制片	(01)06912345678901(10)B-FARMER-20260209-RM(3102)005180	666c6960e2704b7d
B-FARMER-20260209-PPIC	宁夏枸杞 (原始)	(01)06912345678901(10)B-FARMER-202-05h8s2i(3102)025900	f60f9465bc0642af
B-FARMER-20260209-KNUV	广东陈皮 精制片	(01)06912345678901(10)B-FARMER-20260209-KN(3102)002470	0125860e676841b0
B-FARMER-20260209-TQIA	广东陈皮 (原始)	(01)06912345678901(10)B-FARMER-20260209-TQ(3102)012350	1827c9d5ee4840bb
B-FARMER-20260209-FLI8	四川当归 精制片	(01)06912345678901(10)B-FARMER-202-01ux5g1(3102)004740	e4faaa7a4d99422b
B-FARMER-20260209-5I3I	四川当归 (原始)	(01)06912345678901(10)B-FARMER-20260209-5I(3102)023700	cdc44fb917cd4444
B-FARMER-20260209-8RCF	云南三七 精制片	(01)06912345678901(10)B-FARMER-20260209-8R(3102)008970	1d5476f7444241e7
B-FARMER-20260209-RW0E	云南三七 (原始)	(01)06912345678901(10)B-FARMER-20260209-RW(3102)044850	f76230600b0544a8
B-FARMER-20260209-B9HA	四川当归 精制片	(01)06912345678901(10)B-FARMER-20260209-B9(3102)004840	9a0247ed9c93490f
B-FARMER-20260209-K7ZX	四川当归 (原始)	(01)06912345678901(10)B-FARMER-202-02xsr2i(3102)024200	e894d27107074034
B-FARMER-20260209-CXYH	宁夏枸杞 精制片	(01)06912345678901(10)B-FARMER-20260209-CX(3102)009680	252fc38aa35d40e1
B-FARMER-20260209-66D2	宁夏枸杞 (原始)	(01)06912345678901(10)B-FARMER-202-00zvyoh(3102)048400	939c8257872d4196
B-FARMER-20260209-5ZNP	云南三七 精制片	(01)06912345678901(10)B-FARMER-20260209-5Z(3102)001730	9e1374511ea34a29
B-FARMER-20260209-456L	云南三七 (原始)	(01)06912345678901(10)B-FARMER-20260209-45(3102)008650	99575852dddf43aa
B-FARMER-20260209-5X4D	四川当归 精制片	(01)06912345678901(10)B-FARMER-202-0eg9amm(3102)009040	c36d7856574c418d
B-FARMER-20260209-0R8S	四川当归 (原始)	(01)06912345678901(10)B-FARMER-20260209-0R(3102)045200	38a572ee5ecb400b
B-FARMER-20260209-PIYC	广东陈皮 精制片	(01)06912345678901(10)B-FARMER-20260209-PI(3102)009040	468d2c4e1a8f4663
B-FARMER-20260209-F4HE	广东陈皮 (原始)	(01)06912345678901(10)B-FARMER-20260209-F4(3102)045200	56b1d5f3f0b34c05
B-FARMER-20260209-QWA2	甘肃黄芪 精制片	(01)06912345678901(10)B-FARMER-20260209-QW(3102)005850	1ff3e9b0ffd24cb7
B-FARMER-20260209-BVAL	甘肃黄芪 (原始)	(01)06912345678901(10)B-FARMER-202-0fyg4ef(3102)029250	1087e4bb4d8241c1
B-FARMER-20260209-WAOZ	甘肃黄芪 精制片	(01)06912345678901(10)B-FARMER-20260209-WA(3102)004800	c87ed05ac2234368
B-FARMER-20260209-UDA4	甘肃黄芪 (原始)	(01)06912345678901(10)B-FARMER-20260209-UD(3102)024000	3cda8abf28394311
B-FARMER-20260209-MCK5	广东陈皮 精制片	(01)06912345678901(10)B-FARMER-20260209-MC(3102)004770	af43d23fae1d4b3f
B-FARMER-20260209-WBZT	广东陈皮 (原始)	(01)06912345678901(10)B-FARMER-20260209-WB(3102)023850	cf3115f318984355
B-FARMER-20260209-O72S	浙江杭菊 精制片	(01)06912345678901(10)B-FARMER-20260209-O7(3102)007620	2236aef534a64572
B-FARMER-20260209-M87J	浙江杭菊 (原始)	(01)06912345678901(10)B-FARMER-20260209-M8(3102)038100	a505a0fa54804874
B-FARMER-20260209-FOFW	安徽白芍 精制片	(01)06912345678901(10)B-FARMER-202-00w94yp(3102)004590	3ac708000b614e4c
B-FARMER-20260209-1M38	安徽白芍 (原始)	(01)06912345678901(10)B-FARMER-20260209-1M(3102)022950	daf6aa396d6147f3
B-FARMER-20260209-R7R6	广东陈皮 精制片	(01)06912345678901(10)B-FARMER-20260209-R7(3102)008920	42cec43b085140b7
B-FARMER-20260209-FN6S	广东陈皮 (原始)	(01)06912345678901(10)B-FARMER-20260209-FN(3102)044600	ab7fd68ad7744eed
B-FARMER-20260209-Q4WX	云南三七 精制片	(01)06912345678901(10)B-FARMER-20260209-Q4(3102)004040	e48153fdc2244fbe
B-FARMER-20260209-2K2C	云南三七 (原始)	(01)06912345678901(10)B-FARMER-202-03t9kfw(3102)020200	9ac9111c3b6e4d89
B-FARMER-20260209-IBP0	四川当归 精制片	(01)06912345678901(10)B-FARMER-20260209-IB(3102)006890	0683eb952d7445fc
B-FARMER-20260209-WZ63	四川当归 (原始)	(01)06912345678901(10)B-FARMER-20260209-WZ(3102)034450	f0168798426a4f09
B-FARMER-20260209-K4CZ	云南三七 精制片	(01)06912345678901(10)B-FARMER-202-0eg6fwi(3102)003900	bf964af2ea0f45ee
B-FARMER-20260209-BYCO	云南三七 (原始)	(01)06912345678901(10)B-FARMER-20260209-BY(3102)019500	13d0a163cd7b439c
B-FARMER-20260209-ED2H	浙江杭菊 精制片	(01)06912345678901(10)B-FARMER-202-0e2rnz1(3102)006550	3d0e50344c4c4368
B-FARMER-20260209-GKIO	浙江杭菊 (原始)	(01)06912345678901(10)B-FARMER-20260209-GK(3102)032750	727d6dec30784910
B-FARMER-20260209-YJ9F	宁夏枸杞 精制片	(01)06912345678901(10)B-FARMER-202-0842lmt(3102)006040	7a98732c3f754c2d
B-FARMER-20260209-5NB8	宁夏枸杞 (原始)	(01)06912345678901(10)B-FARMER-202-0gdnjdu(3102)030200	ee33361f9b024129
B-FARMER-20260209-MMJB	云南三七 精制片	(01)06912345678901(10)B-FARMER-20260209-MM(3102)002310	235048471a284ff3
B-FARMER-20260209-YXY9	云南三七 (原始)	(01)06912345678901(10)B-FARMER-20260209-YX(3102)011550	ae40e139c5e44eed
B-FARMER-20260209-SQ5P	云南三七 精制片	(01)06912345678901(10)B-FARMER-20260209-SQ(3102)007770	a4bd730180404a1f
B-FARMER-20260209-NM6P	云南三七 (原始)	(01)06912345678901(10)B-FARMER-20260209-NM(3102)038850	caab7293c6474889
B-FARMER-20260209-FO1T	广东陈皮 精制片	(01)06912345678901(10)B-FARMER-202-005cqy7(3102)006620	6ecc51c01daf4b01
B-FARMER-20260209-BEL2	广东陈皮 (原始)	(01)06912345678901(10)B-FARMER-202-001byu2(3102)033100	7416993555334131
B-FARMER-20260209-KBA7	广东陈皮 精制片	(01)06912345678901(10)B-FARMER-20260209-KB(3102)007850	b9435e56bcdb4506
B-FARMER-20260209-A74A	广东陈皮 (原始)	(01)06912345678901(10)B-FARMER-20260209-A7(3102)039250	ba6e5f09bef142e0
B-FARMER-20260209-CDIQ	长白山人参 精制片	(01)06912345678901(10)B-FARMER-20260209-CD(3102)004310	ad95052099d74c22
B-FARMER-20260209-F6P2	长白山人参 (原始)	(01)06912345678901(10)B-FARMER-202-0g8hnli(3102)021550	0c8fb12aa7204521
B-FARMER-20260209-XH5N	安徽白芍 精制片	(01)06912345678901(10)B-FARMER-20260209-XH(3102)006580	bbbfe94087184996
B-FARMER-20260209-LQQU	安徽白芍 (原始)	(01)06912345678901(10)B-FARMER-20260209-LQ(3102)032900	f1b347a983c24916
B-FARMER-20260209-8FKE	宁夏枸杞 精制片	(01)06912345678901(10)B-FARMER-20260209-8F(3102)008220	b16abff4630a4383
B-FARMER-20260209-7N3V	宁夏枸杞 (原始)	(01)06912345678901(10)B-FARMER-20260209-7N(3102)041100	33ae8b29a92446f8
B-FARMER-20260209-TC7E	四川当归 精制片	(01)06912345678901(10)B-FARMER-20260209-TC(3102)005560	4be72a3d6e0b4616
B-FARMER-20260209-M0F3	四川当归 (原始)	(01)06912345678901(10)B-FARMER-20260209-M0(3102)027800	97cf039702364423
B-FARMER-20260209-8YR5	四川当归 精制片	(01)06912345678901(10)B-FARMER-20260209-8Y(3102)005770	61f89cb28a6c4c2d
B-FARMER-20260209-5UXY	四川当归 (原始)	(01)06912345678901(10)B-FARMER-202-01mejty(3102)028850	666ad0255c3a42ca
B-FARMER-20260209-HIP2	广东陈皮 精制片	(01)06912345678901(10)B-FARMER-20260209-HI(3102)008470	cb57e9ee107a4bca
B-FARMER-20260209-IJHJ	广东陈皮 (原始)	(01)06912345678901(10)B-FARMER-20260209-IJ(3102)042350	bbd00a2575e348c9
B-FARMER-20260209-D3ID	四川当归 精制片	(01)06912345678901(10)B-FARMER-20260209-D3(3102)007740	f3b330db966d40c9
B-FARMER-20260209-4LW0	四川当归 (原始)	(01)06912345678901(10)B-FARMER-202-0hd6v7u(3102)038700	32c79fb9a55b4d23
B-FARMER-20260209-X03H	浙江杭菊 精制片	(01)06912345678901(10)B-FARMER-20260209-X0(3102)004330	037ade72511a4856
B-FARMER-20260209-0BS8	浙江杭菊 (原始)	(01)06912345678901(10)B-FARMER-20260209-0B(3102)021650	55d9ee07d6e74973
B-FARMER-20260209-RNKX	甘肃黄芪 精制片	(01)06912345678901(10)B-FARMER-202-0799jd9(3102)005430	e1d8f2ec4c914415
B-FARMER-20260209-OMRV	甘肃黄芪 (原始)	(01)06912345678901(10)B-FARMER-202-09cgs2e(3102)027150	51431cf045984301
B-FARMER-20260209-XPDF	安徽白芍 精制片	(01)06912345678901(10)B-FARMER-202-03ck1gm(3102)006290	0f23ff9936cd4037
B-FARMER-20260209-PSJA	安徽白芍 (原始)	(01)06912345678901(10)B-FARMER-202-0eoh4my(3102)031450	e04126f92ee14b8a
B-FARMER-20260209-WMH3	四川当归 精制片	(01)06912345678901(10)B-FARMER-20260209-WM(3102)008260	412a3249b9e14373
B-FARMER-20260209-R99Y	四川当归 (原始)	(01)06912345678901(10)B-FARMER-202-0euaphj(3102)041300	3926b79c3a6f4129
B-FARMER-20260209-S0QD	浙江杭菊 精制片	(01)06912345678901(10)B-FARMER-20260209-S0(3102)006510	5e752a5509354304
B-FARMER-20260209-D2TE	浙江杭菊 (原始)	(01)06912345678901(10)B-FARMER-20260209-D2(3102)032550	059c6b3dceed4f77
B-FARMER-20260209-M90X	长白山人参 精制片	(01)06912345678901(10)B-FARMER-20260209-M9(3102)005180	07bbe143dcdc40d7
B-FARMER-20260209-ER4W	长白山人参 (原始)	(01)06912345678901(10)B-FARMER-20260209-ER(3102)025900	7c0b59c44e8f4db5
B-FARMER-20260209-ZPMQ	广东陈皮 精制片	(01)06912345678901(10)B-FARMER-202-03wp79f(3102)006420	45cfb39373214024
B-FARMER-20260209-4834	广东陈皮 (原始)	(01)06912345678901(10)B-FARMER-20260209-48(3102)032100	2e1756d711bd42c0
B-FARMER-20260209-JUHK	甘肃黄芪 精制片	(01)06912345678901(10)B-FARMER-20260209-JU(3102)006890	dfad4f6ac24045be
B-FARMER-20260209-CQ69	甘肃黄芪 (原始)	(01)06912345678901(10)B-FARMER-20260209-CQ(3102)034450	a16269dbe9914502
B-FARMER-20260209-C5GJ	浙江杭菊 精制片	(01)06912345678901(10)B-FARMER-20260209-C5(3102)002730	ef0822d420a3433e
B-FARMER-20260209-08EJ	浙江杭菊 (原始)	(01)06912345678901(10)B-FARMER-20260209-08(3102)013650	9f5a2223235c4520
B-FARMER-20260209-H6BD	广东陈皮 精制片	(01)06912345678901(10)B-FARMER-202-09uydpa(3102)006480	0412ab8ef9fc492c
B-FARMER-20260209-9OF6	广东陈皮 (原始)	(01)06912345678901(10)B-FARMER-20260209-9O(3102)032400	4e4fec37fd084b74
B-FARMER-20260209-A57H	广东陈皮 精制片	(01)06912345678901(10)B-FARMER-202-04k0cts(3102)002910	80aad40703404575
B-FARMER-20260209-QH5W	广东陈皮 (原始)	(01)06912345678901(10)B-FARMER-20260209-QH(3102)014550	3ecab490f8774c72
B-FARMER-20260209-TWYP	四川当归 精制片	(01)06912345678901(10)B-FARMER-20260209-TW(3102)003230	bd8523af19a24f94
B-FARMER-20260209-LLUB	四川当归 (原始)	(01)06912345678901(10)B-FARMER-20260209-LL(3102)016150	e3e71e4aabf64963
B-FARMER-20260209-F6QH	云南三七 精制片	(01)06912345678901(10)B-FARMER-20260209-F6(3102)006400	9c41d48efc584cd3
B-FARMER-20260209-5UGY	云南三七 (原始)	(01)06912345678901(10)B-FARMER-202-0fpndkh(3102)032000	7dcfe0dc8c234758
B-FARMER-20260209-T8OR	长白山人参 精制片	(01)06912345678901(10)B-FARMER-202-025lo9r(3102)001390	3df1fb1276e4407a
B-FARMER-20260209-FHB0	长白山人参 (原始)	(01)06912345678901(10)B-FARMER-202-0f6t8dc(3102)006950	6dd2805edc1a4199
B-FARMER-20260209-4GI2	广东陈皮 精制片	(01)06912345678901(10)B-FARMER-20260209-4G(3102)004710	33bf4828332a4805
B-FARMER-20260209-VWSG	广东陈皮 (原始)	(01)06912345678901(10)B-FARMER-202-03w4b8p(3102)023550	83b5df3b304b4baa
B-FARMER-20260209-2QGV	宁夏枸杞 精制片	(01)06912345678901(10)B-FARMER-20260209-2Q(3102)001660	0e64b1593dfa483c
B-FARMER-20260209-SYUC	宁夏枸杞 (原始)	(01)06912345678901(10)B-FARMER-20260209-SY(3102)008300	bddb254b8c1c4030
B-FARMER-20260209-5MJN	广东陈皮 精制片	(01)06912345678901(10)B-FARMER-202-037iovz(3102)002900	d72b5cfc15d74052
B-FARMER-20260209-H81P	广东陈皮 (原始)	(01)06912345678901(10)B-FARMER-202-071lujj(3102)014500	b0a47439261e473b
B-FARMER-20260209-UP25	四川当归 精制片	(01)06912345678901(10)B-FARMER-20260209-UP(3102)004910	2c79b4b283864821
B-FARMER-20260209-DYIC	四川当归 (原始)	(01)06912345678901(10)B-FARMER-202-0fjgtls(3102)024550	37efaa6ee52744ef
B-FARMER-20260209-H4FS	长白山人参 精制片	(01)06912345678901(10)B-FARMER-20260209-H4(3102)002050	9de61fa0143a4b97
B-FARMER-20260209-GU7Y	长白山人参 (原始)	(01)06912345678901(10)B-FARMER-202-096td29(3102)010250	76da1909aae54bc0
B-FARMER-20260209-2J5K	安徽白芍 精制片	(01)06912345678901(10)B-FARMER-202-09s1fxy(3102)003000	b6eabdc2073f41d7
B-FARMER-20260209-VMGP	安徽白芍 (原始)	(01)06912345678901(10)B-FARMER-20260209-VM(3102)015000	09fa209ddf044ff1
B-FARMER-20260209-TV9Y	宁夏枸杞 精制片	(01)06912345678901(10)B-FARMER-20260209-TV(3102)007520	c899aaa139e44e25
B-FARMER-20260209-B8SE	宁夏枸杞 (原始)	(01)06912345678901(10)B-FARMER-202-0dtzds3(3102)037600	a6f3bc7bf8b944d0
B-FARMER-20260209-VFPL	宁夏枸杞 精制片	(01)06912345678901(10)B-FARMER-20260209-VF(3102)001470	9c85cc1e4df9455e
B-FARMER-20260209-7P9H	宁夏枸杞 (原始)	(01)06912345678901(10)B-FARMER-202-01ao5vo(3102)007350	24942e3018454489
B-FARMER-20260209-CSZH	广东陈皮 精制片	(01)06912345678901(10)B-FARMER-20260209-CS(3102)009400	6e25eda510a04d18
B-FARMER-20260209-AXI4	广东陈皮 (原始)	(01)06912345678901(10)B-FARMER-20260209-AX(3102)047000	d063a64ceb2941cb
B-FARMER-20260209-HKZA	浙江杭菊 精制片	(01)06912345678901(10)B-FARMER-20260209-HK(3102)009420	677b2854e61a4ca6
B-FARMER-20260209-RNGW	浙江杭菊 (原始)	(01)06912345678901(10)B-FARMER-20260209-RN(3102)047100	427f34b0f64743e1
B-FARMER-20260209-S941	广东陈皮 精制片	(01)06912345678901(10)B-FARMER-202-01v4hmy(3102)006590	edfc1f1446824fa0
B-FARMER-20260209-ZPR0	广东陈皮 (原始)	(01)06912345678901(10)B-FARMER-202-09y7k20(3102)032950	dc68eb262ade4e9c
B-FARMER-20260209-9SDM	四川当归 精制片	(01)06912345678901(10)B-FARMER-20260209-9S(3102)007920	bb59639d9943443b
B-FARMER-20260209-PGD7	四川当归 (原始)	(01)06912345678901(10)B-FARMER-20260209-PG(3102)039600	949fc854c0534f19
B-FARMER-20260209-7Y4D	浙江杭菊 精制片	(01)06912345678901(10)B-FARMER-20260209-7Y(3102)006100	6fa7f580585f4207
B-FARMER-20260209-OR2N	浙江杭菊 (原始)	(01)06912345678901(10)B-FARMER-202-0djzy5o(3102)030500	1bc9a83267e54c12
B-FARMER-20260209-10CG	安徽白芍 精制片	(01)06912345678901(10)B-FARMER-20260209-10(3102)005540	988443e3d5dc4c59
B-FARMER-20260209-HGYB	安徽白芍 (原始)	(01)06912345678901(10)B-FARMER-20260209-HG(3102)027700	3fda00aac88c4f64
B-FARMER-20260209-APOH	广东陈皮 精制片	(01)06912345678901(10)B-FARMER-20260209-AP(3102)005490	0d0633d84cf14add
B-FARMER-20260209-HMKJ	广东陈皮 (原始)	(01)06912345678901(10)B-FARMER-202-0aj3y9m(3102)027450	d8ac86504b3542a2
B-FARMER-20260209-R4VT	广东陈皮 精制片	(01)06912345678901(10)B-FARMER-20260209-R4(3102)001790	4b680ba78e994045
B-FARMER-20260209-E8J4	广东陈皮 (原始)	(01)06912345678901(10)B-FARMER-20260209-E8(3102)008950	3f4fca50dc7940f8
B-FARMER-20260209-S5Y8	宁夏枸杞 精制片	(01)06912345678901(10)B-FARMER-20260209-S5(3102)002830	7cdfd6bc684f40ca
B-FARMER-20260209-JD2O	宁夏枸杞 (原始)	(01)06912345678901(10)B-FARMER-202-06x5agr(3102)014150	0940fe655138471a
B-FARMER-20260209-9MJO	宁夏枸杞 精制片	(01)06912345678901(10)B-FARMER-20260209-9M(3102)007210	b6fd79f44e1a4229
B-FARMER-20260209-YAT0	宁夏枸杞 (原始)	(01)06912345678901(10)B-FARMER-20260209-YA(3102)036050	19b2f630c682493a
B-FARMER-20260209-ZIHB	四川当归 精制片	(01)06912345678901(10)B-FARMER-20260209-ZI(3102)002280	47d35e2e7dc04830
B-FARMER-20260209-0K9D	四川当归 (原始)	(01)06912345678901(10)B-FARMER-20260209-0K(3102)011400	0a304e03297e40ee
B-FARMER-20260209-KYZ4	长白山人参 精制片	(01)06912345678901(10)B-FARMER-20260209-KY(3102)005780	eafd103af27942a7
B-FARMER-20260209-FI6L	长白山人参 (原始)	(01)06912345678901(10)B-FARMER-20260209-FI(3102)028900	af5c7a118c214930
B-FARMER-20260209-2K2Z	安徽白芍 精制片	(01)06912345678901(10)B-FARMER-20260209-2K(3102)003980	20d225c4f57446bc
B-FARMER-20260209-5RFX	安徽白芍 (原始)	(01)06912345678901(10)B-FARMER-20260209-5R(3102)019900	a38a6703337544d8
B-FARMER-20260209-3LE9	四川当归 精制片	(01)06912345678901(10)B-FARMER-202-0gi8r2l(3102)002250	80b981c2876b4157
B-FARMER-20260209-9YJG	四川当归 (原始)	(01)06912345678901(10)B-FARMER-20260209-9Y(3102)011250	05c7d715923a4073
B-FARMER-20260209-CWYP	宁夏枸杞 精制片	(01)06912345678901(10)B-FARMER-20260209-CW(3102)007090	e7cd43714aba4629
B-FARMER-20260209-V89V	宁夏枸杞 (原始)	(01)06912345678901(10)B-FARMER-20260209-V8(3102)035450	2ad14fc40d9341a4
B-FARMER-20260209-MZGH	宁夏枸杞 精制片	(01)06912345678901(10)B-FARMER-20260209-MZ(3102)004110	d3864a458d094407
B-FARMER-20260209-R5Z9	宁夏枸杞 (原始)	(01)06912345678901(10)B-FARMER-20260209-R5(3102)020550	a83ce014d5454668
B-FARMER-20260209-BHMQ	四川当归 精制片	(01)06912345678901(10)B-FARMER-20260209-BH(3102)006590	2649130590cc4d3e
B-FARMER-20260209-ZQSA	四川当归 (原始)	(01)06912345678901(10)B-FARMER-202-03ghble(3102)032950	da2cfe8ad965422b
B-FARMER-20260209-FHJW	甘肃黄芪 精制片	(01)06912345678901(10)B-FARMER-20260209-FH(3102)003310	180928871eaf4298
B-FARMER-20260209-8NOU	甘肃黄芪 (原始)	(01)06912345678901(10)B-FARMER-20260209-8N(3102)016550	641e3a1871dc4240
B-FARMER-20260209-NXA9	四川当归 精制片	(01)06912345678901(10)B-FARMER-20260209-NX(3102)003850	2e8fa478e5d740af
B-FARMER-20260209-QTSV	四川当归 (原始)	(01)06912345678901(10)B-FARMER-20260209-QT(3102)019250	04dfb18537394bef
B-FARMER-20260209-7MZP	安徽白芍 精制片	(01)06912345678901(10)B-FARMER-20260209-7M(3102)002820	f827e4540d8d49ec
B-FARMER-20260209-GAF8	安徽白芍 (原始)	(01)06912345678901(10)B-FARMER-20260209-GA(3102)014100	9040621a9042448a
B-FARMER-20260209-RIRM	安徽白芍 精制片	(01)06912345678901(10)B-FARMER-20260209-RI(3102)003370	ea0b2f657c6549f1
B-FARMER-20260209-1SM1	安徽白芍 (原始)	(01)06912345678901(10)B-FARMER-20260209-1S(3102)016850	df4eba150867407d
B-FARMER-20260209-L7E4	四川当归 精制片	(01)06912345678901(10)B-FARMER-20260209-L7(3102)006920	d7c11f7824c34c0c
B-FARMER-20260209-8ILK	四川当归 (原始)	(01)06912345678901(10)B-FARMER-20260209-8I(3102)034600	3683385a24974619
B-FARMER-20260209-XC2X	浙江杭菊 精制片	(01)06912345678901(10)B-FARMER-20260209-XC(3102)008660	bc27351794c1453d
B-FARMER-20260209-IWAS	浙江杭菊 (原始)	(01)06912345678901(10)B-FARMER-20260209-IW(3102)043300	0b6d5c3b0dec4354
B-FARMER-20260209-5N70	浙江杭菊 精制片	(01)06912345678901(10)B-FARMER-20260209-5N(3102)006220	b278e717bda54c8e
B-FARMER-20260209-6WHD	浙江杭菊 (原始)	(01)06912345678901(10)B-FARMER-20260209-6W(3102)031100	b73595fb71704c87
B-FARMER-20260209-A4NV	广东陈皮 精制片	(01)06912345678901(10)B-FARMER-202-0bhcdpl(3102)003440	63a5d37a79d0432b
B-FARMER-20260209-XXJ2	广东陈皮 (原始)	(01)06912345678901(10)B-FARMER-20260209-XX(3102)017200	9b51ae330ff84132
B-FARMER-20260209-0S3C	甘肃黄芪 精制片	(01)06912345678901(10)B-FARMER-20260209-0S(3102)002710	4f94a1c7456e4ca4
B-FARMER-20260209-A2DY	甘肃黄芪 (原始)	(01)06912345678901(10)B-FARMER-20260209-A2(3102)013550	4fc144782fb84288
B-FARMER-20260209-XQIO	四川当归 精制片	(01)06912345678901(10)B-FARMER-20260209-XQ(3102)001460	f7c9e15396174158
B-FARMER-20260209-OHAS	四川当归 (原始)	(01)06912345678901(10)B-FARMER-202-0bdejau(3102)007300	37812905bf18490b
B-FARMER-20260209-A5PO	宁夏枸杞 精制片	(01)06912345678901(10)B-FARMER-20260209-A5(3102)004120	6382f12fd261453c
B-FARMER-20260209-N074	宁夏枸杞 (原始)	(01)06912345678901(10)B-FARMER-20260209-N0(3102)020600	e39c7e715e8643b6
B-FARMER-20260209-Z524	四川当归 精制片	(01)06912345678901(10)B-FARMER-20260209-Z5(3102)004470	34f4afb2718348bc
B-FARMER-20260209-EHA3	四川当归 (原始)	(01)06912345678901(10)B-FARMER-20260209-EH(3102)022350	c6a55b259a99488d
B-FARMER-20260209-AHQZ	云南三七 精制片	(01)06912345678901(10)B-FARMER-202-0evva56(3102)009920	4627c381b0d4454a
B-FARMER-20260209-13DS	云南三七 (原始)	(01)06912345678901(10)B-FARMER-20260209-13(3102)049600	c976bbc0928946b8
B-FARMER-20260209-5BY6	安徽白芍 精制片	(01)06912345678901(10)B-FARMER-20260209-5B(3102)006940	458020aeed4346b2
B-FARMER-20260209-PLXH	安徽白芍 (原始)	(01)06912345678901(10)B-FARMER-20260209-PL(3102)034700	064210e2e2b14d4b
B-FARMER-20260209-DP5F	甘肃黄芪 精制片	(01)06912345678901(10)B-FARMER-202-07alstk(3102)009770	3d8a565e2f3247d7
B-FARMER-20260209-J3AL	甘肃黄芪 (原始)	(01)06912345678901(10)B-FARMER-202-0hc23r7(3102)048850	c65afe34aecd4af6
B-FARMER-20260209-ELF6	长白山人参 精制片	(01)06912345678901(10)B-FARMER-202-087h75i(3102)009750	38c0f788d64d402f
B-FARMER-20260209-16H8	长白山人参 (原始)	(01)06912345678901(10)B-FARMER-20260209-16(3102)048750	4b37f08702e44bb6
B-FARMER-20260209-C8LS	长白山人参 精制片	(01)06912345678901(10)B-FARMER-20260209-C8(3102)004220	7e6c6951dee848ca
B-FARMER-20260209-AIH3	长白山人参 (原始)	(01)06912345678901(10)B-FARMER-20260209-AI(3102)021100	bd8b5bdd19e2441e
B-FARMER-20260209-HU7J	云南三七 精制片	(01)06912345678901(10)B-FARMER-202-088u88r(3102)001800	726b1c3a31434ad1
B-FARMER-20260209-PS6S	云南三七 (原始)	(01)06912345678901(10)B-FARMER-20260209-PS(3102)009000	36ce9e3b1b014cd0
B-FARMER-20260209-X8UM	四川当归 精制片	(01)06912345678901(10)B-FARMER-20260209-X8(3102)004310	f273a01f6264413c
B-FARMER-20260209-7H8B	四川当归 (原始)	(01)06912345678901(10)B-FARMER-202-0g128ek(3102)021550	da8af42c0fe54263
B-FARMER-20260209-I340	四川当归 精制片	(01)06912345678901(10)B-FARMER-20260209-I3(3102)004160	fadc2026b965431d
B-FARMER-20260209-RU1Y	四川当归 (原始)	(01)06912345678901(10)B-FARMER-202-00bb2ea(3102)020800	49accc27065d4d15
B-FARMER-20260209-HQ52	安徽白芍 精制片	(01)06912345678901(10)B-FARMER-20260209-HQ(3102)008370	64d7d06fd26b476a
B-FARMER-20260209-RPAE	安徽白芍 (原始)	(01)06912345678901(10)B-FARMER-20260209-RP(3102)041850	67b6d2da2dc946ff
B-FARMER-20260209-BLR8	浙江杭菊 精制片	(01)06912345678901(10)B-FARMER-20260209-BL(3102)004920	c204ffca32cb47a2
B-FARMER-20260209-8E8P	浙江杭菊 (原始)	(01)06912345678901(10)B-FARMER-20260209-8E(3102)024600	75417b3de40a4a88
B-FARMER-20260209-HO72	宁夏枸杞 精制片	(01)06912345678901(10)B-FARMER-202-0dmgmdh(3102)006880	231287bffdb94b92
B-FARMER-20260209-5O70	宁夏枸杞 (原始)	(01)06912345678901(10)B-FARMER-20260209-5O(3102)034400	8ea0bf0f4fa54173
B-FARMER-20260209-AH7L	云南三七 精制片	(01)06912345678901(10)B-FARMER-20260209-AH(3102)004140	81b0f9870d8b4909
B-FARMER-20260209-I86O	云南三七 (原始)	(01)06912345678901(10)B-FARMER-20260209-I8(3102)020700	b2c330e8bb914dcc
B-FARMER-20260209-FLBU	浙江杭菊 精制片	(01)06912345678901(10)B-FARMER-20260209-FL(3102)006870	0b01e9d211b9477a
B-FARMER-20260209-7HFA	浙江杭菊 (原始)	(01)06912345678901(10)B-FARMER-202-0frm3e1(3102)034350	2bda758630674832
B-FARMER-20260209-HCKL	宁夏枸杞 精制片	(01)06912345678901(10)B-FARMER-202-0cjfls0(3102)007860	a2fd6da6ad3047e8
B-FARMER-20260209-AUZ4	宁夏枸杞 (原始)	(01)06912345678901(10)B-FARMER-20260209-AU(3102)039300	11313f47b63a48b2
B-FARMER-20260209-9AJU	安徽白芍 精制片	(01)06912345678901(10)B-FARMER-20260209-9A(3102)004680	0beb6b0b8aca459e
B-FARMER-20260209-25VM	安徽白芍 (原始)	(01)06912345678901(10)B-FARMER-20260209-25(3102)023400	6d2e8d7bd81a4558
B-FARMER-20260209-VQX0	广东陈皮 精制片	(01)06912345678901(10)B-FARMER-202-0bq7tww(3102)002970	de69df09c73f4d47
B-FARMER-20260209-HO9R	广东陈皮 (原始)	(01)06912345678901(10)B-FARMER-20260209-HO(3102)014850	8ce68bbc0c8a484d
B-FARMER-20260209-J1KN	广东陈皮 精制片	(01)06912345678901(10)B-FARMER-20260209-J1(3102)006540	55eb4c2ca69e4175
B-FARMER-20260209-1BSQ	广东陈皮 (原始)	(01)06912345678901(10)B-FARMER-20260209-1B(3102)032700	1b07282020d74306
B-FARMER-20260209-YHOZ	浙江杭菊 精制片	(01)06912345678901(10)B-FARMER-20260209-YH(3102)009930	71a4aaa256e34cc5
B-FARMER-20260209-ORBL	浙江杭菊 (原始)	(01)06912345678901(10)B-FARMER-20260209-OR(3102)049650	7a69178dd1b44165
B-FARMER-20260209-QVYE	长白山人参 精制片	(01)06912345678901(10)B-FARMER-20260209-QV(3102)008180	f6075f3ca45d4b8a
B-FARMER-20260209-7HRP	长白山人参 (原始)	(01)06912345678901(10)B-FARMER-202-0cg9es0(3102)040900	a2136c3846d74c38
B-FARMER-20260209-M5KV	云南三七 精制片	(01)06912345678901(10)B-FARMER-20260209-M5(3102)006270	c82995082ab24bcb
B-FARMER-20260209-2JB1	云南三七 (原始)	(01)06912345678901(10)B-FARMER-20260209-2J(3102)031350	7c0d3186af4e4bcf
B-FARMER-20260209-KPOH	四川当归 精制片	(01)06912345678901(10)B-FARMER-202-077xrri(3102)004550	b772612209eb41bc
B-FARMER-20260209-Y09W	四川当归 (原始)	(01)06912345678901(10)B-FARMER-202-021nsyu(3102)022750	82cb1c8bc0434673
B-FARMER-20260209-78LD	宁夏枸杞 精制片	(01)06912345678901(10)B-FARMER-20260209-78(3102)005190	a1a4539d9edb410f
B-FARMER-20260209-1CJP	宁夏枸杞 (原始)	(01)06912345678901(10)B-FARMER-20260209-1C(3102)025950	9e8d476119f548ea
B-FARMER-20260209-DHWQ	浙江杭菊 精制片	(01)06912345678901(10)B-FARMER-20260209-DH(3102)004790	0c57c63a0eab40cf
B-FARMER-20260209-7DIP	浙江杭菊 (原始)	(01)06912345678901(10)B-FARMER-202-0c08nuf(3102)023950	1153575f5e2a4c13
B-FARMER-20260209-02X8	浙江杭菊 精制片	(01)06912345678901(10)B-FARMER-20260209-02(3102)001730	52a145c64de047bf
B-FARMER-20260209-F8FU	浙江杭菊 (原始)	(01)06912345678901(10)B-FARMER-20260209-F8(3102)008650	0dd5da8944884f42
B-FARMER-20260209-5VXS	浙江杭菊 精制片	(01)06912345678901(10)B-FARMER-202-04c0v0r(3102)001280	9d021edd3d544fff
B-FARMER-20260209-003O	浙江杭菊 (原始)	(01)06912345678901(10)B-FARMER-20260209-00(3102)006400	b6177862a3284bd2
B-FARMER-20260209-8LQ6	浙江杭菊 精制片	(01)06912345678901(10)B-FARMER-202-0hef1c6(3102)008110	915dd49f4d604b28
B-FARMER-20260209-XP06	浙江杭菊 (原始)	(01)06912345678901(10)B-FARMER-202-055w88f(3102)040550	af73dbbf19684f16
B-FARMER-20260209-V7HT	云南三七 精制片	(01)06912345678901(10)B-FARMER-20260209-V7(3102)009560	4c589ba5553747ca
B-FARMER-20260209-BOQV	云南三七 (原始)	(01)06912345678901(10)B-FARMER-202-0gp8j9z(3102)047800	6b7a58b087e140cd
B-FARMER-20260209-M1Y9	云南三七 精制片	(01)06912345678901(10)B-FARMER-20260209-M1(3102)002720	b5eda015337249a5
B-FARMER-20260209-U7I8	云南三七 (原始)	(01)06912345678901(10)B-FARMER-20260209-U7(3102)013600	b671ce147978440e
B-FARMER-20260209-OW9L	四川当归 精制片	(01)06912345678901(10)B-FARMER-202-0eszs3m(3102)006380	78b6a137600f442d
B-FARMER-20260209-FWS4	四川当归 (原始)	(01)06912345678901(10)B-FARMER-20260209-FW(3102)031900	06069809013e4f45
B-FARMER-20260209-QI8G	安徽白芍 精制片	(01)06912345678901(10)B-FARMER-20260209-QI(3102)009930	a10c256599324730
B-FARMER-20260209-QN5U	安徽白芍 (原始)	(01)06912345678901(10)B-FARMER-20260209-QN(3102)049650	dfd12e9be2ff4236
B-FARMER-20260209-P2VQ	甘肃黄芪 精制片	(01)06912345678901(10)B-FARMER-20260209-P2(3102)006990	a1789c965dcd4728
B-FARMER-20260209-OO0X	甘肃黄芪 (原始)	(01)06912345678901(10)B-FARMER-20260209-OO(3102)034950	88e91d5ce22341b8
B-FARMER-20260209-8QGJ	四川当归 精制片	(01)06912345678901(10)B-FARMER-202-00w3yhd(3102)008520	6f63dfdfd287457a
B-FARMER-20260209-LUNW	四川当归 (原始)	(01)06912345678901(10)B-FARMER-20260209-LU(3102)042600	2daa373458804b67
B-FARMER-20260209-3ME3	浙江杭菊 精制片	(01)06912345678901(10)B-FARMER-20260209-3M(3102)001630	503a05bc9bfc46ee
B-FARMER-20260209-3BG4	浙江杭菊 (原始)	(01)06912345678901(10)B-FARMER-202-09qytgl(3102)008150	cd30d7ddf07b46f8
B-FARMER-20260209-ME6C	广东陈皮 精制片	(01)06912345678901(10)B-FARMER-202-0b173wl(3102)005360	c2e132e689d9484d
B-FARMER-20260209-QDDX	广东陈皮 (原始)	(01)06912345678901(10)B-FARMER-20260209-QD(3102)026800	a2a56f2248164263
B-FARMER-20260209-S68T	浙江杭菊 精制片	(01)06912345678901(10)B-FARMER-20260209-S6(3102)008740	d3475f08ce79405f
B-FARMER-20260209-G02N	浙江杭菊 (原始)	(01)06912345678901(10)B-FARMER-20260209-G0(3102)043700	a697a7a527bc4a69
B-FARMER-20260209-2197	宁夏枸杞 精制片	(01)06912345678901(10)B-FARMER-20260209-21(3102)006630	d9ebc6ac91514e27
B-FARMER-20260209-E3HU	宁夏枸杞 (原始)	(01)06912345678901(10)B-FARMER-202-05jj1ev(3102)033150	771e87650ca943f9
B-FARMER-20260209-GBBN	安徽白芍 精制片	(01)06912345678901(10)B-FARMER-20260209-GB(3102)009270	0f67947c74bd4c7a
B-FARMER-20260209-5VDR	安徽白芍 (原始)	(01)06912345678901(10)B-FARMER-20260209-5V(3102)046350	6b3cd1d099584ae1
B-FARMER-20260209-5Y81	四川当归 精制片	(01)06912345678901(10)B-FARMER-20260209-5Y(3102)006710	64db661c63ad4ed7
B-FARMER-20260209-7DFC	四川当归 (原始)	(01)06912345678901(10)B-FARMER-20260209-7D(3102)033550	537cea2ee9fa4497
B-FARMER-20260209-7H2E	四川当归 精制片	(01)06912345678901(10)B-FARMER-202-08tv7tk(3102)009370	d956a4e50f744fd4
B-FARMER-20260209-HMQG	四川当归 (原始)	(01)06912345678901(10)B-FARMER-20260209-HM(3102)046850	592995ac95084242
B-FARMER-20260209-BZEZ	四川当归 精制片	(01)06912345678901(10)B-FARMER-20260209-BZ(3102)005540	8d9c19a2c59b440f
B-FARMER-20260209-35ZT	四川当归 (原始)	(01)06912345678901(10)B-FARMER-20260209-35(3102)027700	833fc72452324030
B-FARMER-20260209-T2GR	四川当归 精制片	(01)06912345678901(10)B-FARMER-20260209-T2(3102)007500	997506af92dd47d4
B-FARMER-20260209-X34G	四川当归 (原始)	(01)06912345678901(10)B-FARMER-20260209-X3(3102)037500	6ebc3d92a56d4dde
B-FARMER-20260209-T9KD	安徽白芍 精制片	(01)06912345678901(10)B-FARMER-20260209-T9(3102)001700	7ed8ed7959c1469a
B-FARMER-20260209-05JL	安徽白芍 (原始)	(01)06912345678901(10)B-FARMER-20260209-05(3102)008500	36df001d8ec446c1
B-FARMER-20260209-HZQA	安徽白芍 精制片	(01)06912345678901(10)B-FARMER-202-07tmll4(3102)007110	0ef4b36feeef4290
B-FARMER-20260209-E6P5	安徽白芍 (原始)	(01)06912345678901(10)B-FARMER-202-0dhm4tz(3102)035550	1d9c19034817446f
B-FARMER-20260209-MU9X	四川当归 精制片	(01)06912345678901(10)B-FARMER-20260209-MU(3102)007870	0effa65295bb4a83
B-FARMER-20260209-XT2P	四川当归 (原始)	(01)06912345678901(10)B-FARMER-202-077wl0x(3102)039350	bb6a0ecbed834a8a
B-FARMER-20260209-154M	四川当归 精制片	(01)06912345678901(10)B-FARMER-20260209-15(3102)006880	20326309209546bf
B-FARMER-20260209-DYZJ	四川当归 (原始)	(01)06912345678901(10)B-FARMER-20260209-DY(3102)034400	a2c325487d994a19
B-FARMER-20260209-CLTZ	甘肃黄芪 精制片	(01)06912345678901(10)B-FARMER-20260209-CL(3102)008820	4ee06e7bf42040c1
B-FARMER-20260209-HP1A	甘肃黄芪 (原始)	(01)06912345678901(10)B-FARMER-20260209-HP(3102)044100	de2e4baac3c24bec
B-FARMER-20260209-U1JK	浙江杭菊 精制片	(01)06912345678901(10)B-FARMER-20260209-U1(3102)004610	a7ab99b0e5ca4b0d
B-FARMER-20260209-A9UB	浙江杭菊 (原始)	(01)06912345678901(10)B-FARMER-20260209-A9(3102)023050	b8f8b1549fae4efe
B-FARMER-20260209-62HA	长白山人参 精制片	(01)06912345678901(10)B-FARMER-20260209-62(3102)007910	68a4386670074056
B-FARMER-20260209-WQ30	长白山人参 (原始)	(01)06912345678901(10)B-FARMER-202-0g11c6c(3102)039550	2d5c5faeb0a54750
B-FARMER-20260209-JT6Y	浙江杭菊 精制片	(01)06912345678901(10)B-FARMER-202-0ckjiau(3102)003060	489725bf53cd4140
B-FARMER-20260209-FOCW	浙江杭菊 (原始)	(01)06912345678901(10)B-FARMER-20260209-FO(3102)015300	9d65296253454196
B-FARMER-20260209-VCNP	四川当归 精制片	(01)06912345678901(10)B-FARMER-20260209-VC(3102)007230	5ddc8984ae1547c2
B-FARMER-20260209-KVDV	四川当归 (原始)	(01)06912345678901(10)B-FARMER-20260209-KV(3102)036150	27aebef9dfa342ac
B-FARMER-20260209-L8TA	云南三七 精制片	(01)06912345678901(10)B-FARMER-20260209-L8(3102)008520	e4a76051398f4aae
B-FARMER-20260209-A458	云南三七 (原始)	(01)06912345678901(10)B-FARMER-20260209-A4(3102)042600	d44286d05f404e01
B-FARMER-20260209-2BIS	宁夏枸杞 精制片	(01)06912345678901(10)B-FARMER-20260209-2B(3102)003970	77c0399522894f69
B-FARMER-20260209-PX9L	宁夏枸杞 (原始)	(01)06912345678901(10)B-FARMER-20260209-PX(3102)019850	e3a2a816645d4c5b
B-FARMER-20260209-IOFW	浙江杭菊 精制片	(01)06912345678901(10)B-FARMER-20260209-IO(3102)003580	c4a7ef14650546aa
B-FARMER-20260209-JI0E	浙江杭菊 (原始)	(01)06912345678901(10)B-FARMER-20260209-JI(3102)017900	643d26413d56499c
B-FARMER-20260209-7VA3	云南三七 精制片	(01)06912345678901(10)B-FARMER-20260209-7V(3102)004440	377ded82bd724dcb
B-FARMER-20260209-FQG4	云南三七 (原始)	(01)06912345678901(10)B-FARMER-20260209-FQ(3102)022200	a09d7e42383d45f7
B-FARMER-20260209-ZQOM	安徽白芍 精制片	(01)06912345678901(10)B-FARMER-20260209-ZQ(3102)005340	fdcde2b2ffcf4dd8
B-FARMER-20260209-GG6X	安徽白芍 (原始)	(01)06912345678901(10)B-FARMER-20260209-GG(3102)026700	68b55e96b4d54012
B-FARMER-20260209-6LXF	浙江杭菊 精制片	(01)06912345678901(10)B-FARMER-20260209-6L(3102)008710	c79ed80568ce47c7
B-FARMER-20260209-MPZB	浙江杭菊 (原始)	(01)06912345678901(10)B-FARMER-20260209-MP(3102)043550	15897aafc14e4c12
B-FARMER-20260209-BVPP	宁夏枸杞 精制片	(01)06912345678901(10)B-FARMER-202-0agvnqa(3102)007580	8a2ae36bef8e4688
B-FARMER-20260209-OCCP	宁夏枸杞 (原始)	(01)06912345678901(10)B-FARMER-20260209-OC(3102)037900	155c12ed30e640bd
B-FARMER-20260209-36KU	浙江杭菊 精制片	(01)06912345678901(10)B-FARMER-20260209-36(3102)003260	c77f3c68b54f437b
B-FARMER-20260209-12DE	浙江杭菊 (原始)	(01)06912345678901(10)B-FARMER-20260209-12(3102)016300	fd0888c94b8b4434
B-FARMER-20260209-O2GJ	浙江杭菊 精制片	(01)06912345678901(10)B-FARMER-20260209-O2(3102)003250	fe690fba017e46d6
B-FARMER-20260209-VRXO	浙江杭菊 (原始)	(01)06912345678901(10)B-FARMER-20260209-VR(3102)016250	0cb117ee57014d6e
B-FARMER-20260209-XVAU	云南三七 精制片	(01)06912345678901(10)B-FARMER-20260209-XV(3102)001070	6f8ee9c850d34af0
B-FARMER-20260209-SEDO	云南三七 (原始)	(01)06912345678901(10)B-FARMER-20260209-SE(3102)005350	a007722169c44123
B-FARMER-20260209-TF6T	云南三七 精制片	(01)06912345678901(10)B-FARMER-20260209-TF(3102)003520	0ad18044f646482b
B-FARMER-20260209-9U6Q	云南三七 (原始)	(01)06912345678901(10)B-FARMER-20260209-9U(3102)017600	11070b33e8094777
B-FARMER-20260209-ICQT	云南三七 精制片	(01)06912345678901(10)B-FARMER-20260209-IC(3102)006270	d31ad1c5f11e4070
B-FARMER-20260209-8DK0	云南三七 (原始)	(01)06912345678901(10)B-FARMER-20260209-8D(3102)031350	a4681ff613404aa6
B-FARMER-20260209-0LH7	浙江杭菊 精制片	(01)06912345678901(10)B-FARMER-20260209-0L(3102)001410	4673ff22d4ee41ee
B-FARMER-20260209-BNWT	浙江杭菊 (原始)	(01)06912345678901(10)B-FARMER-20260209-BN(3102)007050	0231ba84e1354452
B-FARMER-20260209-BKSY	四川当归 精制片	(01)06912345678901(10)B-FARMER-20260209-BK(3102)005380	9c8aa88dddfc4f57
B-FARMER-20260209-VLZF	四川当归 (原始)	(01)06912345678901(10)B-FARMER-20260209-VL(3102)026900	98a3321ad6ae478b
B-FARMER-20260209-OXFK	宁夏枸杞 精制片	(01)06912345678901(10)B-FARMER-20260209-OX(3102)009160	c8c7e1581982486c
B-FARMER-20260209-QB0G	宁夏枸杞 (原始)	(01)06912345678901(10)B-FARMER-20260209-QB(3102)045800	1c530eac51e846f7
B-FARMER-20260209-O88O	安徽白芍 精制片	(01)06912345678901(10)B-FARMER-20260209-O8(3102)008870	ab7fb2a3e2044515
B-FARMER-20260209-LFUQ	安徽白芍 (原始)	(01)06912345678901(10)B-FARMER-20260209-LF(3102)044350	35897506ac734dd1
B-FARMER-20260209-DPQE	浙江杭菊 精制片	(01)06912345678901(10)B-FARMER-202-0emzogx(3102)007250	19ee3339460a4c6d
B-FARMER-20260209-S9DO	浙江杭菊 (原始)	(01)06912345678901(10)B-FARMER-20260209-S9(3102)036250	57c9f2110eda4ee2
B-FARMER-20260209-ZPCE	广东陈皮 精制片	(01)06912345678901(10)B-FARMER-202-0amo80a(3102)008230	d6d4e12449194584
B-FARMER-20260209-R3B0	广东陈皮 (原始)	(01)06912345678901(10)B-FARMER-20260209-R3(3102)041150	f02d1532028a4a0c
B-FARMER-20260209-QZMQ	甘肃黄芪 精制片	(01)06912345678901(10)B-FARMER-20260209-QZ(3102)002000	0d511ed48a88408f
B-FARMER-20260209-OMA2	甘肃黄芪 (原始)	(01)06912345678901(10)B-FARMER-20260209-OM(3102)010000	6b316014f5cc476f
B-FARMER-20260209-SNK9	安徽白芍 精制片	(01)06912345678901(10)B-FARMER-20260209-SN(3102)005530	e18622a6d5314521
B-FARMER-20260209-BFM7	安徽白芍 (原始)	(01)06912345678901(10)B-FARMER-20260209-BF(3102)027650	f47b575fb4894ba7
B-FARMER-20260209-Z6ZG	浙江杭菊 精制片	(01)06912345678901(10)B-FARMER-20260209-Z6(3102)004500	1aa1e21e842b4d90
B-FARMER-20260209-7PZA	浙江杭菊 (原始)	(01)06912345678901(10)B-FARMER-20260209-7P(3102)022500	bc67b88bc9034203
B-FARMER-20260209-6N9G	云南三七 精制片	(01)06912345678901(10)B-FARMER-20260209-6N(3102)005650	ce1c3937144c4735
B-FARMER-20260209-ZBR4	云南三七 (原始)	(01)06912345678901(10)B-FARMER-20260209-ZB(3102)028250	6b119c126b7c453f
B-FARMER-20260209-L9LS	甘肃黄芪 精制片	(01)06912345678901(10)B-FARMER-20260209-L9(3102)005690	73391f52f10e4765
B-FARMER-20260209-OAF9	甘肃黄芪 (原始)	(01)06912345678901(10)B-FARMER-20260209-OA(3102)028450	6861602b494445b5
B-FARMER-20260209-DTOQ	甘肃黄芪 精制片	(01)06912345678901(10)B-FARMER-20260209-DT(3102)003420	0a59e59c15a74919
B-FARMER-20260209-2665	甘肃黄芪 (原始)	(01)06912345678901(10)B-FARMER-20260209-26(3102)017100	ff02b7d834dd44f0
B-FARMER-20260209-8SPS	广东陈皮 精制片	(01)06912345678901(10)B-FARMER-20260209-8S(3102)009290	96a70f0b946c4456
B-FARMER-20260209-UIXC	广东陈皮 (原始)	(01)06912345678901(10)B-FARMER-20260209-UI(3102)046450	ce4df02e7e46470b
B-FARMER-20260209-03GG	广东陈皮 精制片	(01)06912345678901(10)B-FARMER-20260209-03(3102)008110	6a18a538a158481c
B-FARMER-20260209-HUTT	广东陈皮 (原始)	(01)06912345678901(10)B-FARMER-20260209-HU(3102)040550	1c768b1abd72499d
B-FARMER-20260209-X5IE	长白山人参 精制片	(01)06912345678901(10)B-FARMER-202-08qs5e4(3102)005420	3a27ba6f2719414a
B-FARMER-20260209-H6OH	长白山人参 (原始)	(01)06912345678901(10)B-FARMER-20260209-H6(3102)027100	7648e678ce584964
B-FARMER-20260209-HZGV	广东陈皮 精制片	(01)06912345678901(10)B-FARMER-202-0ar15x1(3102)002920	c1e60ec0deb144ba
B-FARMER-20260209-719K	广东陈皮 (原始)	(01)06912345678901(10)B-FARMER-20260209-71(3102)014600	93d4273b8d1b479c
B-FARMER-20260209-9052	甘肃黄芪 精制片	(01)06912345678901(10)B-FARMER-20260209-90(3102)008720	891804b3fe19432e
B-FARMER-20260209-POOI	甘肃黄芪 (原始)	(01)06912345678901(10)B-FARMER-20260209-PO(3102)043600	9fc7fd1426464a80
B-FARMER-20260209-BQSS	长白山人参 精制片	(01)06912345678901(10)B-FARMER-20260209-BQ(3102)006630	8fcc8bde5ff74f67
B-FARMER-20260209-U2F9	长白山人参 (原始)	(01)06912345678901(10)B-FARMER-20260209-U2(3102)033150	c84aac62088d4363
B-FARMER-20260209-NSLK	宁夏枸杞 精制片	(01)06912345678901(10)B-FARMER-20260209-NS(3102)003920	9f53f9d3885742f5
B-FARMER-20260209-CNC6	宁夏枸杞 (原始)	(01)06912345678901(10)B-FARMER-20260209-CN(3102)019600	82d11e53144045d0
B-FARMER-20260209-JBST	广东陈皮 精制片	(01)06912345678901(10)B-FARMER-20260209-JB(3102)008920	2457019cdb344994
B-FARMER-20260209-LOZ2	广东陈皮 (原始)	(01)06912345678901(10)B-FARMER-20260209-LO(3102)044600	e7fe9c53a397430a
B-FARMER-20260209-5T99	安徽白芍 精制片	(01)06912345678901(10)B-FARMER-20260209-5T(3102)004960	1d1e1ae0f48345b4
B-FARMER-20260209-2ZP4	安徽白芍 (原始)	(01)06912345678901(10)B-FARMER-20260209-2Z(3102)024800	e3e43ce15b2945b2
B-FARMER-20260209-DPYP	甘肃黄芪 精制片	(01)06912345678901(10)B-FARMER-20260209-DP(3102)002050	47207b2d987a4104
B-FARMER-20260209-J3G7	甘肃黄芪 (原始)	(01)06912345678901(10)B-FARMER-20260209-J3(3102)010250	e4e9d103f9544ab8
B-FARMER-20260209-B2M7	四川当归 精制片	(01)06912345678901(10)B-FARMER-20260209-B2(3102)005400	7448bef2053c47bd
B-FARMER-20260209-RU7R	四川当归 (原始)	(01)06912345678901(10)B-FARMER-202-06j3lpa(3102)027000	9a81bae9d1f04bdf
B-FARMER-20260209-0H7E	云南三七 精制片	(01)06912345678901(10)B-FARMER-20260209-0H(3102)005030	45a9e0ee80b04705
B-FARMER-20260209-NDBQ	云南三七 (原始)	(01)06912345678901(10)B-FARMER-20260209-ND(3102)025150	29376541dcf44f35
B-FARMER-20260209-MB9Z	广东陈皮 精制片	(01)06912345678901(10)B-FARMER-20260209-MB(3102)005760	b0aaca8309144611
B-FARMER-20260209-IZ00	广东陈皮 (原始)	(01)06912345678901(10)B-FARMER-202-04ac0xo(3102)028800	b9103fb6fab74270
B-FARMER-20260209-TSD1	宁夏枸杞 精制片	(01)06912345678901(10)B-FARMER-20260209-TS(3102)009720	b11cea4a47bd4116
B-FARMER-20260209-OHPT	宁夏枸杞 (原始)	(01)06912345678901(10)B-FARMER-202-0d4fsyh(3102)048600	ecf0c66472774ab4
B-FARMER-20260209-IXC0	浙江杭菊 精制片	(01)06912345678901(10)B-FARMER-20260209-IX(3102)007110	969a699543424e72
B-FARMER-20260209-VBB0	浙江杭菊 (原始)	(01)06912345678901(10)B-FARMER-20260209-VB(3102)035550	fb52c48c3895494b
B-FARMER-20260209-OHQX	安徽白芍 精制片	(01)06912345678901(10)B-FARMER-20260209-OH(3102)007600	c572b73b31e04d43
B-FARMER-20260209-60UH	安徽白芍 (原始)	(01)06912345678901(10)B-FARMER-20260209-60(3102)038000	2b9fbf88cf534dff
B-FARMER-20260209-7O9L	浙江杭菊 精制片	(01)06912345678901(10)B-FARMER-20260209-7O(3102)009750	b33221fe72a14923
B-FARMER-20260209-3OFR	浙江杭菊 (原始)	(01)06912345678901(10)B-FARMER-20260209-3O(3102)048750	97d95b2380e34e2a
B-FARMER-20260209-Q2KK	甘肃黄芪 精制片	(01)06912345678901(10)B-FARMER-20260209-Q2(3102)007640	4210b7665a9c492b
B-FARMER-20260209-2S7B	甘肃黄芪 (原始)	(01)06912345678901(10)B-FARMER-202-001bz9z(3102)038200	d208465a1eee4661
B-FARMER-20260209-K4YR	宁夏枸杞 精制片	(01)06912345678901(10)B-FARMER-20260209-K4(3102)002000	25f961cfc3034efa
B-FARMER-20260209-OWTS	宁夏枸杞 (原始)	(01)06912345678901(10)B-FARMER-20260209-OW(3102)010000	9c5fc6c203134400
B-FARMER-20260209-RJIG	浙江杭菊 精制片	(01)06912345678901(10)B-FARMER-20260209-RJ(3102)009060	6ec371e7fbdb44a5
B-FARMER-20260209-7FER	浙江杭菊 (原始)	(01)06912345678901(10)B-FARMER-20260209-7F(3102)045300	85eb8d04997e4b0a
B-FARMER-20260209-E3X3	浙江杭菊 精制片	(01)06912345678901(10)B-FARMER-202-07ti70j(3102)001770	e80db008b69b47f4
B-FARMER-20260209-JT6B	浙江杭菊 (原始)	(01)06912345678901(10)B-FARMER-20260209-JT(3102)008850	e14a38f3df744ea1
B-FARMER-20260209-FFS6	宁夏枸杞 精制片	(01)06912345678901(10)B-FARMER-20260209-FF(3102)002280	b78da95cc5ca4581
B-FARMER-20260209-T5VN	宁夏枸杞 (原始)	(01)06912345678901(10)B-FARMER-20260209-T5(3102)011400	6182aa56776943af
B-FARMER-20260209-D1J7	浙江杭菊 精制片	(01)06912345678901(10)B-FARMER-20260209-D1(3102)006310	f150419cb96e4ebb
B-FARMER-20260209-US1Q	浙江杭菊 (原始)	(01)06912345678901(10)B-FARMER-202-0ggajzr(3102)031550	979909c0e5784c01
B-FARMER-20260209-7XLM	云南三七 精制片	(01)06912345678901(10)B-FARMER-20260209-7X(3102)004650	4825b66c7aee4ae9
B-FARMER-20260209-69UN	云南三七 (原始)	(01)06912345678901(10)B-FARMER-20260209-69(3102)023250	08efde91b0304c99
B-FARMER-20260209-0IJ2	宁夏枸杞 精制片	(01)06912345678901(10)B-FARMER-20260209-0I(3102)003220	f6b8c6d6c7d84ff7
B-FARMER-20260209-PDUQ	宁夏枸杞 (原始)	(01)06912345678901(10)B-FARMER-20260209-PD(3102)016100	eb57bba1012c4a78
B-FARMER-20260209-N92L	安徽白芍 精制片	(01)06912345678901(10)B-FARMER-20260209-N9(3102)003080	db95f9e9da624017
B-FARMER-20260209-YQ7Z	安徽白芍 (原始)	(01)06912345678901(10)B-FARMER-20260209-YQ(3102)015400	be24cc61efb44739
B-FARMER-20260209-5MP7	宁夏枸杞 精制片	(01)06912345678901(10)B-FARMER-20260209-5M(3102)009860	6637de1df5964944
B-FARMER-20260209-VG0L	宁夏枸杞 (原始)	(01)06912345678901(10)B-FARMER-20260209-VG(3102)049300	25bbc22783284ed6
B-FARMER-20260209-LVM8	浙江杭菊 精制片	(01)06912345678901(10)B-FARMER-20260209-LV(3102)007100	b2fe3bf5d8054527
B-FARMER-20260209-X6X7	浙江杭菊 (原始)	(01)06912345678901(10)B-FARMER-20260209-X6(3102)035500	4640fae0e3904371
B-FARMER-20260209-ZTUL	四川当归 精制片	(01)06912345678901(10)B-FARMER-20260209-ZT(3102)005760	815b10e4dd504b4a
B-FARMER-20260209-BIRX	四川当归 (原始)	(01)06912345678901(10)B-FARMER-20260209-BI(3102)028800	891ecf6b22254c42
B-FARMER-20260209-QRRZ	长白山人参 精制片	(01)06912345678901(10)B-FARMER-20260209-QR(3102)003110	9474c30a2b7740da
B-FARMER-20260209-DV2P	长白山人参 (原始)	(01)06912345678901(10)B-FARMER-20260209-DV(3102)015550	a9be8f8e3a1242bc
B-FARMER-20260209-2S36	浙江杭菊 精制片	(01)06912345678901(10)B-FARMER-20260209-2S(3102)006360	0f25a7dce05f467c
B-FARMER-20260209-KPYD	浙江杭菊 (原始)	(01)06912345678901(10)B-FARMER-20260209-KP(3102)031800	234fea1e7a5142d8
B-FARMER-20260209-GM24	浙江杭菊 精制片	(01)06912345678901(10)B-FARMER-202-00kesu6(3102)008770	40e917f22fb6457b
B-FARMER-20260209-HAVU	浙江杭菊 (原始)	(01)06912345678901(10)B-FARMER-20260209-HA(3102)043850	b0fdb31f317840e5
B-FARMER-20260209-CERW	长白山人参 精制片	(01)06912345678901(10)B-FARMER-20260209-CE(3102)006250	78ad6a46389f4c45
B-FARMER-20260209-ZP50	长白山人参 (原始)	(01)06912345678901(10)B-FARMER-20260209-ZP(3102)031250	eaeff782f33246c5
B-FARMER-20260209-2MOM	广东陈皮 精制片	(01)06912345678901(10)B-FARMER-202-02a7yyh(3102)001020	b1bb2e8fb3b342af
B-FARMER-20260209-3EKJ	广东陈皮 (原始)	(01)06912345678901(10)B-FARMER-20260209-3E(3102)005100	16d48a06e26a4e71
B-FARMER-20260209-9H50	宁夏枸杞 精制片	(01)06912345678901(10)B-FARMER-20260209-9H(3102)006480	e6ed1eab34b544a6
B-FARMER-20260209-EC7D	宁夏枸杞 (原始)	(01)06912345678901(10)B-FARMER-20260209-EC(3102)032400	298a97b390af4227
B-FARMER-20260209-MWN4	宁夏枸杞 精制片	(01)06912345678901(10)B-FARMER-202-0bzk2n8(3102)005730	428abe4ad60f4580
B-FARMER-20260209-E6O7	宁夏枸杞 (原始)	(01)06912345678901(10)B-FARMER-20260209-E6(3102)028650	ddd7d3f31756422e
B-FARMER-20260209-M46E	四川当归 精制片	(01)06912345678901(10)B-FARMER-20260209-M4(3102)001050	288d6fbe1b9f4ccf
B-FARMER-20260209-LJGM	四川当归 (原始)	(01)06912345678901(10)B-FARMER-20260209-LJ(3102)005250	a2adabcb15dc4fb9
B-FARMER-20260209-F1Q6	长白山人参 精制片	(01)06912345678901(10)B-FARMER-20260209-F1(3102)007580	c2c965451ce1468f
B-FARMER-20260209-W9HZ	长白山人参 (原始)	(01)06912345678901(10)B-FARMER-20260209-W9(3102)037900	366337456b184369
B-FARMER-20260209-UFYH	浙江杭菊 精制片	(01)06912345678901(10)B-FARMER-20260209-UF(3102)006210	62537999a4684e70
B-FARMER-20260209-GU8Q	浙江杭菊 (原始)	(01)06912345678901(10)B-FARMER-20260209-GU(3102)031050	97d3c9bcc52f4680
B-FARMER-20260209-USHX	宁夏枸杞 精制片	(01)06912345678901(10)B-FARMER-20260209-US(3102)004230	d8f146f7aa364ea6
B-FARMER-20260209-TD55	宁夏枸杞 (原始)	(01)06912345678901(10)B-FARMER-20260209-TD(3102)021150	30e0c12bebd84419
B-FARMER-20260209-HWLP	浙江杭菊 精制片	(01)06912345678901(10)B-FARMER-20260209-HW(3102)002710	6cb3dc39fa29469a
B-FARMER-20260209-Y00C	浙江杭菊 (原始)	(01)06912345678901(10)B-FARMER-20260209-Y0(3102)013550	140a05228b4e4d75
B-FARMER-20260209-3XGO	四川当归 精制片	(01)06912345678901(10)B-FARMER-20260209-3X(3102)009160	27769be18b744ecc
B-FARMER-20260209-R8A5	四川当归 (原始)	(01)06912345678901(10)B-FARMER-20260209-R8(3102)045800	3cd513b8f9d24af1
B-FARMER-20260209-DW9G	长白山人参 精制片	(01)06912345678901(10)B-FARMER-20260209-DW(3102)009320	bc6e08543c4b4b35
B-FARMER-20260209-KOG5	长白山人参 (原始)	(01)06912345678901(10)B-FARMER-20260209-KO(3102)046600	3daa08ded6cd4214
B-FARMER-20260209-4YNE	广东陈皮 精制片	(01)06912345678901(10)B-FARMER-20260209-4Y(3102)002170	72266d05dedc4645
B-FARMER-20260209-MR8F	广东陈皮 (原始)	(01)06912345678901(10)B-FARMER-20260209-MR(3102)010850	84367abc96e34e56
B-FARMER-20260209-NTIL	长白山人参 精制片	(01)06912345678901(10)B-FARMER-20260209-NT(3102)004840	f14b59fbf35a4193
B-FARMER-20260209-X57P	长白山人参 (原始)	(01)06912345678901(10)B-FARMER-20260209-X5(3102)024200	5d709ba1bdc9418b
B-FARMER-20260209-SZLG	长白山人参 精制片	(01)06912345678901(10)B-FARMER-20260209-SZ(3102)002750	8b29ef00ae824a1b
B-FARMER-20260209-F5PV	长白山人参 (原始)	(01)06912345678901(10)B-FARMER-20260209-F5(3102)013750	e625d5c16acd465e
B-FARMER-20260209-7HJA	长白山人参 精制片	(01)06912345678901(10)B-FARMER-20260209-7H(3102)003900	ebf37c55a8f64930
B-FARMER-20260209-OS1Z	长白山人参 (原始)	(01)06912345678901(10)B-FARMER-20260209-OS(3102)019500	00a52ea1348449d9
B-FARMER-20260209-COM2	长白山人参 精制片	(01)06912345678901(10)B-FARMER-20260209-CO(3102)004400	9069ea4cd0a644fc
B-FARMER-20260209-MD7D	长白山人参 (原始)	(01)06912345678901(10)B-FARMER-20260209-MD(3102)022000	2476ec7fa8004d44
B-FARMER-20260209-4TQS	四川当归 精制片	(01)06912345678901(10)B-FARMER-20260209-4T(3102)007890	2ea127c562d841c8
B-FARMER-20260209-OQHL	四川当归 (原始)	(01)06912345678901(10)B-FARMER-202-02z0u8j(3102)039450	a7e443f54cbf4564
B-FARMER-20260209-Z2NJ	四川当归 精制片	(01)06912345678901(10)B-FARMER-20260209-Z2(3102)005560	a4af8c8ac8c94733
B-FARMER-20260209-WDKS	四川当归 (原始)	(01)06912345678901(10)B-FARMER-20260209-WD(3102)027800	b4230b99fc1a4875
B-FARMER-20260209-LT18	宁夏枸杞 精制片	(01)06912345678901(10)B-FARMER-20260209-LT(3102)001580	ae056bebfc7d4b82
B-FARMER-20260209-967O	宁夏枸杞 (原始)	(01)06912345678901(10)B-FARMER-20260209-96(3102)007900	7501c7d9144443da
B-FARMER-20260209-P7B0	浙江杭菊 精制片	(01)06912345678901(10)B-FARMER-20260209-P7(3102)009050	def783146a1749df
B-FARMER-20260209-1HRG	浙江杭菊 (原始)	(01)06912345678901(10)B-FARMER-202-0dl9cig(3102)045250	88a3d30c5dcc4360
B-FARMER-20260209-YOCB	长白山人参 精制片	(01)06912345678901(10)B-FARMER-20260209-YO(3102)009640	179eb4ae8aed4a0b
B-FARMER-20260209-4L0G	长白山人参 (原始)	(01)06912345678901(10)B-FARMER-20260209-4L(3102)048200	349dfb376ee84974
B-FARMER-20260209-QYEA	甘肃黄芪 精制片	(01)06912345678901(10)B-FARMER-20260209-QY(3102)004080	62e33f0d1546443d
B-FARMER-20260209-46K8	甘肃黄芪 (原始)	(01)06912345678901(10)B-FARMER-20260209-46(3102)020400	8507f0316b664064
B-FARMER-20260209-MK2U	浙江杭菊 精制片	(01)06912345678901(10)B-FARMER-20260209-MK(3102)009970	26a5ba03df464d9d
B-FARMER-20260209-4Q7O	浙江杭菊 (原始)	(01)06912345678901(10)B-FARMER-20260209-4Q(3102)049850	0119a4a2f7514479
B-FARMER-20260209-IPB6	甘肃黄芪 精制片	(01)06912345678901(10)B-FARMER-20260209-IP(3102)007300	524376dfb0e24d3b
B-FARMER-20260209-VQRS	甘肃黄芪 (原始)	(01)06912345678901(10)B-FARMER-20260209-VQ(3102)036500	01780a5c56384030
B-FARMER-20260209-55QM	宁夏枸杞 精制片	(01)06912345678901(10)B-FARMER-20260209-55(3102)001380	3b475538f8ea4a8f
B-FARMER-20260209-WPTQ	宁夏枸杞 (原始)	(01)06912345678901(10)B-FARMER-20260209-WP(3102)006900	e337d470e9934db3
B-FARMER-20260209-OQOC	浙江杭菊 精制片	(01)06912345678901(10)B-FARMER-20260209-OQ(3102)002410	ef7ec17f859740e3
B-FARMER-20260209-637I	浙江杭菊 (原始)	(01)06912345678901(10)B-FARMER-20260209-63(3102)012050	051f026ff47045ad
B-FARMER-20260209-HC6W	云南三七 精制片	(01)06912345678901(10)B-FARMER-20260209-HC(3102)003240	468dd4475a2748e3
B-FARMER-20260209-XPJT	云南三七 (原始)	(01)06912345678901(10)B-FARMER-202-00ra3t8(3102)016200	85a2f1fef76a438f
B-FARMER-20260209-5X9K	甘肃黄芪 精制片	(01)06912345678901(10)B-FARMER-202-0h74bwv(3102)004570	4d9a137453e94f2a
B-FARMER-20260209-MIX0	甘肃黄芪 (原始)	(01)06912345678901(10)B-FARMER-20260209-MI(3102)022850	349abff30f654b62
B-FARMER-20260209-ZN8T	广东陈皮 精制片	(01)06912345678901(10)B-FARMER-20260209-ZN(3102)009180	b63426f5a58a47a2
B-FARMER-20260209-1JUF	广东陈皮 (原始)	(01)06912345678901(10)B-FARMER-20260209-1J(3102)045900	0a6df99f4ff24151
B-FARMER-20260209-EZ3S	广东陈皮 精制片	(01)06912345678901(10)B-FARMER-20260209-EZ(3102)008000	877d19f407ce43b8
B-FARMER-20260209-XZ74	广东陈皮 (原始)	(01)06912345678901(10)B-FARMER-202-0fnj6f8(3102)040000	45aa464550014e25
B-FARMER-20260209-B75D	甘肃黄芪 精制片	(01)06912345678901(10)B-FARMER-20260209-B7(3102)001160	0ee2470c100b4916
B-FARMER-20260209-U8X8	甘肃黄芪 (原始)	(01)06912345678901(10)B-FARMER-20260209-U8(3102)005800	a6ebc8ca3a534afa
B-FARMER-20260209-JSMS	广东陈皮 精制片	(01)06912345678901(10)B-FARMER-20260209-JS(3102)001460	63c24a9d082f4078
B-FARMER-20260209-5UAQ	广东陈皮 (原始)	(01)06912345678901(10)B-FARMER-20260209-5U(3102)007300	27a069a2942f4021
B-FARMER-20260209-IZPR	广东陈皮 精制片	(01)06912345678901(10)B-FARMER-20260209-IZ(3102)007440	afc8abf1c6c04f7e
B-FARMER-20260209-RCBO	广东陈皮 (原始)	(01)06912345678901(10)B-FARMER-202-00gse8p(3102)037200	57af099e4de14a7c
B-FARMER-20260209-8JYG	广东陈皮 精制片	(01)06912345678901(10)B-FARMER-20260209-8J(3102)002670	e35bf452e38946b0
B-FARMER-20260209-RVP5	广东陈皮 (原始)	(01)06912345678901(10)B-FARMER-20260209-RV(3102)013350	a8186ee96e9f47eb
B-FARMER-20260209-I2P6	长白山人参 精制片	(01)06912345678901(10)B-FARMER-20260209-I2(3102)006360	974a0038d44b4d6a
B-FARMER-20260209-79PN	长白山人参 (原始)	(01)06912345678901(10)B-FARMER-20260209-79(3102)031800	cbf09a147469454f
B-FARMER-20260209-HLQB	宁夏枸杞 精制片	(01)06912345678901(10)B-FARMER-202-0bs16l3(3102)001650	0b346c47dd3b4eb9
B-FARMER-20260209-K1FQ	宁夏枸杞 (原始)	(01)06912345678901(10)B-FARMER-202-05l8yt4(3102)008250	0d27e1929b5b4b50
B-FARMER-20260209-WQRM	四川当归 精制片	(01)06912345678901(10)B-FARMER-20260209-WQ(3102)006170	7b065e8d61084e82
B-FARMER-20260209-4WNA	四川当归 (原始)	(01)06912345678901(10)B-FARMER-20260209-4W(3102)030850	2d1c875a482b4684
B-FARMER-20260209-BEQO	长白山人参 精制片	(01)06912345678901(10)B-FARMER-20260209-BE(3102)004670	eb4c4b91718949ff
B-FARMER-20260209-KWGZ	长白山人参 (原始)	(01)06912345678901(10)B-FARMER-20260209-KW(3102)023350	c0f9805db0644950
B-FARMER-20260209-6UVP	广东陈皮 精制片	(01)06912345678901(10)B-FARMER-20260209-6U(3102)007120	288bef7f0add4954
B-FARMER-20260209-RUQY	广东陈皮 (原始)	(01)06912345678901(10)B-FARMER-20260209-RU(3102)035600	d31db770bd4a4e52
B-FARMER-20260209-LBEQ	广东陈皮 精制片	(01)06912345678901(10)B-FARMER-20260209-LB(3102)003970	48174adaf7e54dd5
B-FARMER-20260209-TE70	广东陈皮 (原始)	(01)06912345678901(10)B-FARMER-20260209-TE(3102)019850	fef7583846b941f2
B-FARMER-20260209-1H9R	甘肃黄芪 精制片	(01)06912345678901(10)B-FARMER-20260209-1H(3102)002040	6efe192613fd4c01
B-FARMER-20260209-JJS4	甘肃黄芪 (原始)	(01)06912345678901(10)B-FARMER-202-0atyl9i(3102)010200	4ec9e5abeb184dbf
B-FARMER-20260209-SCC1	长白山人参 精制片	(01)06912345678901(10)B-FARMER-20260209-SC(3102)005620	bda014805309427d
B-FARMER-20260209-66VW	长白山人参 (原始)	(01)06912345678901(10)B-FARMER-20260209-66(3102)028100	e4637b0f7afa4253
B-FARMER-20260209-1I6Y	长白山人参 精制片	(01)06912345678901(10)B-FARMER-20260209-1I(3102)004060	98d8d513ffe640cc
B-FARMER-20260209-HL3G	长白山人参 (原始)	(01)06912345678901(10)B-FARMER-20260209-HL(3102)020300	d28a070b478a4551
B-FARMER-20260209-RCJW	甘肃黄芪 精制片	(01)06912345678901(10)B-FARMER-20260209-RC(3102)002210	31a346c01ded4b7d
B-FARMER-20260209-54HH	甘肃黄芪 (原始)	(01)06912345678901(10)B-FARMER-20260209-54(3102)011050	153232735f1445e1
B-FARMER-20260209-JREW	广东陈皮 精制片	(01)06912345678901(10)B-FARMER-20260209-JR(3102)007140	b9eb8408dc864874
B-FARMER-20260209-5X0W	广东陈皮 (原始)	(01)06912345678901(10)B-FARMER-20260209-5X(3102)035700	5d96ff0634dc4ce2
B-FARMER-20260209-2MM3	宁夏枸杞 精制片	(01)06912345678901(10)B-FARMER-20260209-2M(3102)007250	1ccf1840b3f846bf
B-FARMER-20260209-B6FJ	宁夏枸杞 (原始)	(01)06912345678901(10)B-FARMER-20260209-B6(3102)036250	1ee99abe5ec14dcd
B-FARMER-20260209-535I	甘肃黄芪 精制片	(01)06912345678901(10)B-FARMER-20260209-53(3102)002360	ae79466c006e4b65
B-FARMER-20260209-T8N3	甘肃黄芪 (原始)	(01)06912345678901(10)B-FARMER-20260209-T8(3102)011800	b23f9b99d86d4716
B-FARMER-20260209-3L3T	甘肃黄芪 精制片	(01)06912345678901(10)B-FARMER-20260209-3L(3102)003180	07b6833a669c4286
B-FARMER-20260209-8Q1J	甘肃黄芪 (原始)	(01)06912345678901(10)B-FARMER-20260209-8Q(3102)015900	d437ed5d0aa64e0b
B-FARMER-20260209-BV0Z	安徽白芍 精制片	(01)06912345678901(10)B-FARMER-20260209-BV(3102)002450	9cffa626d8ee4302
B-FARMER-20260209-QCZZ	安徽白芍 (原始)	(01)06912345678901(10)B-FARMER-20260209-QC(3102)012250	8381c17a83ea4ba2
B-FARMER-20260209-UJN6	广东陈皮 精制片	(01)06912345678901(10)B-FARMER-20260209-UJ(3102)008860	104535d5312744d9
B-FARMER-20260209-HZS1	广东陈皮 (原始)	(01)06912345678901(10)B-FARMER-202-0gd8n20(3102)044300	6039239c3e824732
B-FARMER-20260209-9D86	长白山人参 精制片	(01)06912345678901(10)B-FARMER-20260209-9D(3102)006470	a472c6f45b7040f7
B-FARMER-20260209-IEOY	长白山人参 (原始)	(01)06912345678901(10)B-FARMER-20260209-IE(3102)032350	85c6ffba05ca4e7b
B-FARMER-20260209-M39L	安徽白芍 精制片	(01)06912345678901(10)B-FARMER-20260209-M3(3102)003850	87de41fb18cb4195
B-FARMER-20260209-235Y	安徽白芍 (原始)	(01)06912345678901(10)B-FARMER-20260209-23(3102)019250	6cb701ee672d4cbc
B-FARMER-20260209-L20O	长白山人参 精制片	(01)06912345678901(10)B-FARMER-20260209-L2(3102)004490	7da0d404440b40d8
B-FARMER-20260209-ODYE	长白山人参 (原始)	(01)06912345678901(10)B-FARMER-20260209-OD(3102)022450	90f6783c5af34aea
B-FARMER-20260209-AV5I	宁夏枸杞 精制片	(01)06912345678901(10)B-FARMER-20260209-AV(3102)009540	59d0bb2853824df0
B-FARMER-20260209-ZD3N	宁夏枸杞 (原始)	(01)06912345678901(10)B-FARMER-20260209-ZD(3102)047700	157e5b9987014e17
B-FARMER-20260209-QE1W	云南三七 精制片	(01)06912345678901(10)B-FARMER-20260209-QE(3102)003170	24b52f400bdb4d50
B-FARMER-20260209-E3J3	云南三七 (原始)	(01)06912345678901(10)B-FARMER-20260209-E3(3102)015850	41e8fcb739ac4646
B-FARMER-20260209-34VM	长白山人参 精制片	(01)06912345678901(10)B-FARMER-20260209-34(3102)005730	e89802fb812642fc
B-FARMER-20260209-I49K	长白山人参 (原始)	(01)06912345678901(10)B-FARMER-20260209-I4(3102)028650	6972ef680a2d43f0
B-FARMER-20260209-2PLU	云南三七 精制片	(01)06912345678901(10)B-FARMER-202-099vbt9(3102)006250	53aa247417484eb6
B-FARMER-20260209-TT6K	云南三七 (原始)	(01)06912345678901(10)B-FARMER-20260209-TT(3102)031250	d56098203e234b1c
B-FARMER-20260209-SRN9	长白山人参 精制片	(01)06912345678901(10)B-FARMER-20260209-SR(3102)001640	f149a25fec984639
B-FARMER-20260209-PPOU	长白山人参 (原始)	(01)06912345678901(10)B-FARMER-202-0cmyc9a(3102)008200	7102f2d992204426
B-FARMER-20260209-2PIQ	浙江杭菊 精制片	(01)06912345678901(10)B-FARMER-20260209-2P(3102)009510	5b5f04333e1c43f2
B-FARMER-20260209-5E0U	浙江杭菊 (原始)	(01)06912345678901(10)B-FARMER-20260209-5E(3102)047550	aadfcc53c2324cd7
B-FARMER-20260209-YJSP	安徽白芍 精制片	(01)06912345678901(10)B-FARMER-20260209-YJ(3102)009020	5855069c44d745fe
B-FARMER-20260209-UOCJ	安徽白芍 (原始)	(01)06912345678901(10)B-FARMER-20260209-UO(3102)045100	9bddf3ca9fd54981
B-FARMER-20260209-P9RP	广东陈皮 精制片	(01)06912345678901(10)B-FARMER-20260209-P9(3102)003220	496a28e1579744df
B-FARMER-20260209-SDBT	广东陈皮 (原始)	(01)06912345678901(10)B-FARMER-20260209-SD(3102)016100	c8525f0342004104
B-FARMER-20260209-D0HR	云南三七 精制片	(01)06912345678901(10)B-FARMER-20260209-D0(3102)009870	5b8c60ae917b493f
B-FARMER-20260209-QF9T	云南三七 (原始)	(01)06912345678901(10)B-FARMER-20260209-QF(3102)049350	af1ad6d58d104502
B-FARMER-20260209-NBTB	浙江杭菊 精制片	(01)06912345678901(10)B-FARMER-20260209-NB(3102)004790	399a374ca94f4bc5
B-FARMER-20260209-HTIN	浙江杭菊 (原始)	(01)06912345678901(10)B-FARMER-20260209-HT(3102)023950	6548979f5a364d43
B-FARMER-20260209-GIWO	四川当归 精制片	(01)06912345678901(10)B-FARMER-20260209-GI(3102)007220	996e874996c84d72
B-FARMER-20260209-YK27	四川当归 (原始)	(01)06912345678901(10)B-FARMER-20260209-YK(3102)036100	0d660d90ff15497e
B-FARMER-20260209-BG3V	安徽白芍 精制片	(01)06912345678901(10)B-FARMER-20260209-BG(3102)001610	976f7d42427b4b71
B-FARMER-20260209-7GD2	安徽白芍 (原始)	(01)06912345678901(10)B-FARMER-20260209-7G(3102)008050	516a25ac5b7149c2
B-FARMER-20260209-XZAV	长白山人参 精制片	(01)06912345678901(10)B-FARMER-20260209-XZ(3102)008060	d6a77bfdfc8d478d
B-FARMER-20260209-XF2V	长白山人参 (原始)	(01)06912345678901(10)B-FARMER-20260209-XF(3102)040300	48ef9d6e0a7542a5
B-FARMER-20260209-OJX9	长白山人参 精制片	(01)06912345678901(10)B-FARMER-20260209-OJ(3102)008900	c49c30c924f54d67
B-FARMER-20260209-7CZE	长白山人参 (原始)	(01)06912345678901(10)B-FARMER-20260209-7C(3102)044500	569a972f21fe4f0a
B-FARMER-20260209-GR0U	宁夏枸杞 精制片	(01)06912345678901(10)B-FARMER-20260209-GR(3102)007270	1aaf9f605f734515
B-FARMER-20260209-RXY5	宁夏枸杞 (原始)	(01)06912345678901(10)B-FARMER-20260209-RX(3102)036350	7f6ff9e64fd1454d
B-FARMER-20260209-TZO2	四川当归 精制片	(01)06912345678901(10)B-FARMER-20260209-TZ(3102)006360	3be09e2703b64e05
B-FARMER-20260209-JJQX	四川当归 (原始)	(01)06912345678901(10)B-FARMER-20260209-JJ(3102)031800	ca2f8463e9e34dd1
B-FARMER-20260209-HZS0	宁夏枸杞 精制片	(01)06912345678901(10)B-FARMER-20260209-HZ(3102)008830	824aa95c40d14160
B-FARMER-20260209-GVHI	宁夏枸杞 (原始)	(01)06912345678901(10)B-FARMER-20260209-GV(3102)044150	12680d9fa5ea4827
B-FARMER-20260209-EV7E	长白山人参 精制片	(01)06912345678901(10)B-FARMER-20260209-EV(3102)009100	fe8e045113324e8a
B-FARMER-20260209-KQVI	长白山人参 (原始)	(01)06912345678901(10)B-FARMER-20260209-KQ(3102)045500	191e660608734000
B-FARMER-20260209-CPVH	安徽白芍 精制片	(01)06912345678901(10)B-FARMER-20260209-CP(3102)001580	d20b8b6384c348cd
B-FARMER-20260209-MEOZ	安徽白芍 (原始)	(01)06912345678901(10)B-FARMER-20260209-ME(3102)007900	56feb7173f1a47ef
B-FARMER-20260209-GYFX	浙江杭菊 精制片	(01)06912345678901(10)B-FARMER-20260209-GY(3102)004480	1e3af8d778664820
B-FARMER-20260209-DANH	浙江杭菊 (原始)	(01)06912345678901(10)B-FARMER-20260209-DA(3102)022400	67c3ceae68aa473d
B-FARMER-20260209-BOQD	云南三七 精制片	(01)06912345678901(10)B-FARMER-20260209-BO(3102)009900	53c557c263c54f77
B-FARMER-20260209-5C8U	云南三七 (原始)	(01)06912345678901(10)B-FARMER-20260209-5C(3102)049500	5392280f9bb443b7
B-FARMER-20260209-Z9QD	云南三七 精制片	(01)06912345678901(10)B-FARMER-20260209-Z9(3102)001950	83a824e72b65456c
B-FARMER-20260209-K7LB	云南三七 (原始)	(01)06912345678901(10)B-FARMER-20260209-K7(3102)009750	32e0798130994e1b
B-FARMER-20260209-NO8E	广东陈皮 精制片	(01)06912345678901(10)B-FARMER-20260209-NO(3102)004520	c94aadec8e984f36
B-FARMER-20260209-UUX1	广东陈皮 (原始)	(01)06912345678901(10)B-FARMER-20260209-UU(3102)022600	933e96aed89c465d
B-FARMER-20260209-373R	四川当归 精制片	(01)06912345678901(10)B-FARMER-20260209-37(3102)008560	4084200d57ab48b6
B-FARMER-20260209-VWMV	四川当归 (原始)	(01)06912345678901(10)B-FARMER-20260209-VW(3102)042800	a5e1261bd3274f54
B-FARMER-20260209-ZLBQ	甘肃黄芪 精制片	(01)06912345678901(10)B-FARMER-20260209-ZL(3102)005090	5c5410dcbcfc4c00
B-FARMER-20260209-K1JK	甘肃黄芪 (原始)	(01)06912345678901(10)B-FARMER-20260209-K1(3102)025450	2bbde620b3ee4185
B-FARMER-20260209-MW54	甘肃黄芪 精制片	(01)06912345678901(10)B-FARMER-20260209-MW(3102)005970	a81cd8c4a8fc49c1
B-FARMER-20260209-UCZF	甘肃黄芪 (原始)	(01)06912345678901(10)B-FARMER-20260209-UC(3102)029850	62664b7049c049fb
B-FARMER-20260209-B8JD	四川当归 精制片	(01)06912345678901(10)B-FARMER-20260209-B8(3102)007190	5284248d13164e1e
B-FARMER-20260209-8XFG	四川当归 (原始)	(01)06912345678901(10)B-FARMER-20260209-8X(3102)035950	358463c70d184ae7
B-FARMER-20260209-6RO3	浙江杭菊 精制片	(01)06912345678901(10)B-FARMER-20260209-6R(3102)001310	b9eaa23451554c2e
B-FARMER-20260209-H8Z0	浙江杭菊 (原始)	(01)06912345678901(10)B-FARMER-20260209-H8(3102)006550	ec9edf2a32a7469d
B-FARMER-20260209-GMLN	四川当归 精制片	(01)06912345678901(10)B-FARMER-20260209-GM(3102)002470	2ac31230985a4658
B-FARMER-20260209-XRR9	四川当归 (原始)	(01)06912345678901(10)B-FARMER-20260209-XR(3102)012350	21c6b9b214274a66
B-FARMER-20260209-B156	云南三七 精制片	(01)06912345678901(10)B-FARMER-20260209-B1(3102)004990	9c9f120efe324f08
B-FARMER-20260209-3BTB	云南三七 (原始)	(01)06912345678901(10)B-FARMER-20260209-3B(3102)024950	2613fb18a0744ac8
B-FARMER-20260209-EDAA	安徽白芍 精制片	(01)06912345678901(10)B-FARMER-20260209-ED(3102)004130	98dcc75c3b8f47e0
B-FARMER-20260209-8B76	安徽白芍 (原始)	(01)06912345678901(10)B-FARMER-20260209-8B(3102)020650	a6ea91cb6b9346f8
B-FARMER-20260209-PJ72	宁夏枸杞 精制片	(01)06912345678901(10)B-FARMER-20260209-PJ(3102)002330	6c2ffd7ded9c41d8
B-FARMER-20260209-8L0N	宁夏枸杞 (原始)	(01)06912345678901(10)B-FARMER-20260209-8L(3102)011650	ef7ee73d36954a93
B-FARMER-20260209-58KN	广东陈皮 精制片	(01)06912345678901(10)B-FARMER-20260209-58(3102)007870	aa98102bd8304eae
B-FARMER-20260209-XTI4	广东陈皮 (原始)	(01)06912345678901(10)B-FARMER-20260209-XT(3102)039350	6217cb514b884359
B-FARMER-20260209-H0ZN	安徽白芍 精制片	(01)06912345678901(10)B-FARMER-20260209-H0(3102)005320	4eb08901c3e448bf
B-FARMER-20260209-HN1Q	安徽白芍 (原始)	(01)06912345678901(10)B-FARMER-20260209-HN(3102)026600	dd269c4076434b74
B-FARMER-20260209-BMYU	长白山人参 精制片	(01)06912345678901(10)B-FARMER-20260209-BM(3102)004230	fba20a0f670044f8
B-FARMER-20260209-ZUTI	长白山人参 (原始)	(01)06912345678901(10)B-FARMER-20260209-ZU(3102)021150	c54ed8e5c104457c
B-FARMER-20260209-447S	甘肃黄芪 精制片	(01)06912345678901(10)B-FARMER-20260209-44(3102)004940	67f5158b7abb41b6
B-FARMER-20260209-XPQ0	甘肃黄芪 (原始)	(01)06912345678901(10)B-FARMER-20260209-XP(3102)024700	c7d6edd4ad554f82
B-FARMER-20260209-AE3Y	云南三七 精制片	(01)06912345678901(10)B-FARMER-20260209-AE(3102)005210	946a4c11300f4ff2
B-FARMER-20260209-8WVV	云南三七 (原始)	(01)06912345678901(10)B-FARMER-20260209-8W(3102)026050	46327a7e747d4830
B-FARMER-20260209-30X7	安徽白芍 精制片	(01)06912345678901(10)B-FARMER-20260209-30(3102)001260	2bfe520c858b42d3
B-FARMER-20260209-2AGY	安徽白芍 (原始)	(01)06912345678901(10)B-FARMER-20260209-2A(3102)006300	c54d00fcd40c4f46
B-FARMER-20260209-R9ES	浙江杭菊 精制片	(01)06912345678901(10)B-FARMER-20260209-R9(3102)004300	0ba2cb84d9cc4435
B-FARMER-20260209-ELOA	浙江杭菊 (原始)	(01)06912345678901(10)B-FARMER-20260209-EL(3102)021500	243befd6db894f68
B-FARMER-20260209-P6XS	浙江杭菊 精制片	(01)06912345678901(10)B-FARMER-20260209-P6(3102)005120	3856fb1e6aae4447
B-FARMER-20260209-ADF7	浙江杭菊 (原始)	(01)06912345678901(10)B-FARMER-20260209-AD(3102)025600	6b1e2651cb644fef
B-FARMER-20260209-OIAB	浙江杭菊 精制片	(01)06912345678901(10)B-FARMER-20260209-OI(3102)006170	c611459cd91045ee
B-FARMER-20260209-INZO	浙江杭菊 (原始)	(01)06912345678901(10)B-FARMER-20260209-IN(3102)030850	1757317761f0452b
B-FARMER-20260209-VNOT	甘肃黄芪 精制片	(01)06912345678901(10)B-FARMER-20260209-VN(3102)006570	bbe5befcbd514d7e
B-FARMER-20260209-PPAI	甘肃黄芪 (原始)	(01)06912345678901(10)B-FARMER-20260209-PP(3102)032850	f521dbd3cd8a4f8b
B-FARMER-20260209-JDC4	浙江杭菊 精制片	(01)06912345678901(10)B-FARMER-20260209-JD(3102)004640	01a3b5e736e44bb3
B-FARMER-20260209-J922	浙江杭菊 (原始)	(01)06912345678901(10)B-FARMER-20260209-J9(3102)023200	279d814361e4419d
DEMO-INSP-B-REWORK	当归	(01)06912345678901(10)DEMO-INSP-B-REWORK	fc0f055bad6c4515
DEMO-INSP-A-GRADE-A	当归	(01)06912345678901(10)DEMO-INSP-A-GRADE-A	22dabe1ba6a34d3f
DEMO-PROC-B	当归	(01)06912345678901(10)DEMO-PROC-B	4eb11df9d8724b3a
DEMO-PROC-A	当归	(01)06912345678901(10)DEMO-PROC-A	5fbc0a9a0cf240e0
DEMO-PLANT-001	当归	(01)06912345678901(10)DEMO-PLANT-001(3102)100000	5dbfdbec0f3044c5
B-FARMER-20260209-S88V	人参	(01)06912345678901(10)B-FARMER-20260209-S8	28eab282b7ca4939
MOCK-2024001-P	特级红参片 (模拟数据)	(01)06912345678901(10)BATCH001-P(3102)005000	MC-001-P
MOCK-2024001	长白山人参 (模拟数据)	(01)06912345678901(10)BATCH001(3102)025000	MC-001
